UserID,TransactionID,TransactionType,AssetType,AssetSymbol,Quantity,PricePerUnit,TransactionDate,BrokerageFee,TotalAmount
U0021,TX00001,Buy,ETF,BTC,11.58,797.75,12/5/2023 15:18,9.24,9247.18
U0069,TX00002,Sell,Stock,TSLA,46.1,999.9,10/16/2023 15:18,46.1,46141.49
U0001,TX00003,Buy,ETF,AAPL,78.72,278.46,10/21/2023 15:18,21.92,21942.29
U0012,TX00004,Sell,ETF,SPY,73.25,552.2,11/3/2023 15:18,40.45,40489.1
U0076,TX00005,Sell,ETF,BTC,15.4,353.63,3/22/2024 15:18,5.45,5451.35
U0005,TX00006,Sell,ETF,AAPL,62.55,589.26,2/5/2024 15:18,36.86,36895.07
U0079,TX00007,Buy,ETF,AMZN,33.13,43.46,12/1/2023 15:18,1.44,1441.27
U0096,TX00008,Sell,ETF,SPY,43.91,686.67,4/18/2024 15:18,30.15,30181.83
U0041,TX00009,Sell,Crypto,ETH,,698.05,6/14/2024 15:18,57.78,57842.36
U0091,TX00010,Buy,Crypto,BTC,9.55,563.43,12/27/2023 15:18,5.38,5386.14
U0075,TX00011,Sell,Stock,BTC,63.95,469.79,2/14/2024 15:18,30.04,30073.11
U0032,TX00012,Sell,Crypto,BTC,97.03,939.45,9/1/2023 15:18,91.15,91245.98
U0032,TX00013,Buy,ETF,AAPL,8.28,877.71,12/20/2023 15:18,7.27,7274.71
U0079,TX00014,Sell,Crypto,AAPL,23.6,858.61,9/1/2023 15:18,20.26,20283.46
U0034,TX00015,Sell,Stock,AAPL,26.8,,9/22/2023 15:18,18.28,18294.27
U0023,TX00016,Buy,ETF,AMZN,63.34,113.69,11/30/2023 15:18,7.2,7208.32
U0058,TX00017,Buy,Stock,AMZN,16.33,696.27,7/18/2024 15:18,11.37,11381.46
U0043,TX00018,Sell,ETF,AMZN,79.63,159.97,11/24/2023 15:18,12.74,12751.15
U0073,TX00019,Sell,Stock,AAPL,34.16,671.5,3/1/2024 15:18,22.94,22961.38
U0064,TX00020,Buy,Crypto,AAPL,2.14,253.24,4/26/2024 15:18,0.54,542.47
U0002,TX00021,Buy,Crypto,BTC,91.3,852.86,3/6/2024 15:18,77.87,77943.99
U0017,TX00022,Buy,ETF,AAPL,34.34,696.01,1/21/2024 15:18,23.9,23924.88
U0045,TX00023,Buy,ETF,BTC,77.14,798.49,3/27/2024 15:18,61.6,61657.12
U0089,TX00024,Sell,Crypto,AMZN,12.04,673.61,11/5/2023 15:18,8.11,8118.37
U0026,TX00025,Buy,Crypto,BTC,59.28,747.92,9/7/2023 15:18,44.34,44381.04
U0031,TX00026,Sell,Crypto,BTC,46.88,859.43,4/24/2024 15:18,40.29,40330.37
U0014,TX00027,Buy,ETF,BTC,59.19,611.12,1/7/2024 15:18,36.17,36208.36
U0047,TX00028,Sell,Stock,SPY,96.49,750.81,3/23/2024 15:18,72.45,72518.11
U0059,TX00029,Sell,Crypto,AMZN,9.37,149.4,4/11/2024 15:18,1.4,1401.28
U0039,TX00030,Sell,Stock,SPY,97.47,331.55,7/15/2024 15:18,32.32,32348.5
U0016,TX00031,Buy,Crypto,ETH,57.8,833.58,8/13/2024 15:18,48.18,48229.1
U0027,TX00032,Sell,Stock,AAPL,52.59,179,12/29/2023 15:18,9.41,9423.02
U0019,TX00033,Sell,Crypto,TSLA,15.99,272.72,7/30/2024 15:18,4.36,4365.15
U0068,TX00034,Sell,Stock,AAPL,44.72,865.22,6/26/2024 15:18,38.69,38731.33
U0030,TX00035,Buy,Stock,TSLA,13.42,722.42,2/29/2024 15:18,9.69,9704.57
U0010,TX00036,Sell,Stock,BTC,77.05,61.09,7/25/2024 15:18,4.71,4711.69
U0030,TX00037,Sell,Crypto,TSLA,50.27,132.91,11/9/2023 15:18,6.68,6688.07
U0081,TX00038,Buy,Stock,ETH,66.11,432.39,4/30/2024 15:18,28.59,28613.89
U0011,TX00039,Buy,Crypto,AMZN,92.04,648.44,11/20/2023 15:18,59.68,59742.1
U0043,TX00040,Buy,Crypto,AAPL,41.1,818.95,3/18/2024 15:18,33.66,33692.51
U0057,TX00041,Buy,,SPY,36.09,513.83,11/27/2023 15:18,18.54,18562.66
U0036,TX00042,Buy,ETF,TSLA,81.49,794.73,3/5/2024 15:18,64.76,64827.31
U0067,TX00043,Buy,ETF,SPY,54.43,840.74,12/18/2023 15:18,45.76,45807.24
U0040,TX00044,Sell,Crypto,SPY,48.3,492.38,7/8/2024 15:18,23.78,23805.73
U0031,TX00045,Sell,Crypto,,45.91,109.02,10/30/2023 15:18,5.01,5010.12
U0053,TX00046,Sell,Stock,ETH,78.17,400.58,8/19/2023 15:18,31.31,31344.65
U0097,TX00047,Buy,ETF,AMZN,48.86,204.06,1/8/2024 15:18,9.97,9980.34
U0072,TX00048,Buy,Crypto,TSLA,98.2,797.36,2/5/2024 15:18,78.3,78379.05
U0100,TX00049,Sell,Crypto,TSLA,35.4,209.98,12/25/2023 15:18,7.43,7440.72
U0083,TX00050,Buy,ETF,AMZN,43.77,113.23,8/7/2024 15:18,4.96,4961.04
U0083,TX00051,Sell,ETF,AAPL,50.24,528.46,7/25/2024 15:18,26.55,26576.38
U0046,TX00052,Sell,ETF,SPY,45.41,885.31,4/17/2024 15:18,40.2,40242.13
U0069,TX00053,Buy,Crypto,TSLA,35.28,520.87,11/7/2023 15:18,18.38,18394.67
U0012,TX00054,Buy,Crypto,AAPL,65.48,141.67,5/21/2024 15:18,9.28,9285.83
U0079,TX00055,Sell,ETF,ETH,18.71,751.74,3/29/2024 15:18,14.07,14079.13
U0080,TX00056,Buy,Stock,ETH,43.15,499.7,2/11/2024 15:18,21.56,21583.62
U0074,TX00057,Buy,Stock,AAPL,2.11,684.33,10/7/2023 15:18,1.44,1445.38
U0008,TX00058,Buy,ETF,ETH,23.34,137.81,3/18/2024 15:18,3.22,3219.71
U0009,TX00059,Sell,Crypto,AMZN,23.05,733.14,1/14/2024 15:18,16.9,16915.78
U0030,TX00060,Buy,Crypto,SPY,95.34,78.6,11/20/2023 15:18,7.49,7501.21
U0020,TX00061,Sell,ETF,TSLA,6.48,686.62,11/6/2023 15:18,4.45,4453.75
U0039,TX00062,Buy,Stock,AMZN,51.77,416.47,7/24/2024 15:18,21.56,21582.21
U0092,TX00063,Buy,Stock,SPY,72.17,681.62,9/16/2023 15:18,49.19,49241.71
U0010,TX00064,Buy,Stock,TSLA,83,124.96,3/14/2024 15:18,10.37,10382.05
U0010,TX00065,Sell,Stock,AMZN,53.08,868.24,4/17/2024 15:18,46.09,46132.27
U0080,TX00066,Sell,Stock,,59.42,715.45,1/28/2024 15:18,42.51,42554.55
U0005,TX00067,Sell,Stock,AMZN,73.4,839.89,1/21/2024 15:18,61.65,61709.58
U0026,TX00068,Sell,Stock,AMZN,6.9,612.01,7/24/2024 15:18,4.22,4227.09
U0034,TX00069,Buy,Stock,AMZN,14.87,173.87,11/14/2023 15:18,2.59,2588.04
U0017,TX00070,Sell,Stock,SPY,12.44,471.7,9/10/2023 15:18,5.87,5873.82
U0021,TX00071,Buy,ETF,BTC,9.36,694.3,5/30/2024 15:18,6.5,6505.15
U0040,TX00072,Buy,Crypto,ETH,75.8,778.25,1/22/2024 15:18,58.99,59050.34
U0044,TX00073,Sell,Stock,BTC,25.68,841.05,12/14/2023 15:18,21.6,21619.76
U0039,TX00074,Sell,Stock,ETH,50.48,987.16,3/16/2024 15:18,49.83,49881.67
U0059,TX00075,Buy,ETF,ETH,39.8,576.47,4/29/2024 15:18,22.94,22966.45
U0006,TX00076,Sell,ETF,AAPL,31.42,471.93,5/19/2024 15:18,14.83,14842.87
U0010,TX00077,Buy,Stock,BTC,40.3,308.98,10/23/2023 15:18,12.45,12464.34
U0059,TX00078,Buy,Crypto,SPY,70.57,692.12,5/15/2024 15:18,48.84,48891.75
U0058,TX00079,Sell,Stock,TSLA,79.94,527.28,3/11/2024 15:18,42.15,42192.91
U0055,TX00080,Buy,Stock,TSLA,27.97,88.63,12/30/2023 15:18,2.48,2481.46
U0027,TX00081,Buy,Crypto,TSLA,6.19,630.05,7/11/2024 15:18,3.9,3903.91
U0019,TX00082,Buy,Crypto,AMZN,90.18,306.46,1/7/2024 15:18,27.64,27664.2
U0056,TX00083,Sell,ETF,SPY,18.36,56.33,6/19/2024 15:18,1.03,1035.25
U0087,TX00084,Sell,Stock,TSLA,4.12,193.41,11/1/2023 15:18,0.8,797.65
U0046,TX00085,Buy,Stock,AMZN,79.32,930.27,9/4/2023 15:18,73.79,73862.81
U0025,TX00086,Sell,Stock,SPY,85.33,731.85,,62.45,62511.21
U0092,TX00087,Buy,Crypto,TSLA,28.66,865.81,7/5/2024 15:18,,24838.92
U0064,TX00088,Buy,ETF,AAPL,64.61,789.19,1/1/2024 15:18,50.99,51040.56
U0040,TX00089,Buy,Crypto,SPY,27.01,487.13,7/29/2024 15:18,13.16,13170.54
U0066,TX00090,Buy,Stock,AAPL,98.03,393.22,2/15/2024 15:18,38.55,38585.91
U0021,TX00091,Sell,Stock,TSLA,21.87,418.45,11/24/2023 15:18,9.15,9160.65
U0025,TX00092,Sell,Crypto,AAPL,63.23,547.28,6/23/2024 15:18,34.6,34639.11
U0004,TX00093,Buy,Stock,SPY,96.62,393.18,10/26/2023 15:18,37.99,38027.04
U0073,TX00094,Buy,Stock,ETH,15.15,316.44,2/7/2024 15:18,4.79,4798.86
U0082,TX00095,Buy,ETF,AMZN,46.49,631.48,9/17/2023 15:18,29.36,29386.87
U0078,TX00096,Sell,ETF,AAPL,73.52,429.31,5/19/2024 15:18,31.56,31594.43
U0085,TX00097,Sell,Stock,AMZN,21.16,36.88,10/30/2023 15:18,0.78,781.16
U0087,TX00098,Buy,ETF,AAPL,34.94,276.59,4/19/2024 15:18,9.66,9673.71
U0097,TX00099,Sell,ETF,SPY,87.36,814.37,4/8/2024 15:18,71.14,71214.5
U0095,TX00100,Buy,Crypto,AMZN,87.67,979.43,1/10/2024 15:18,85.87,85952.5
U0014,TX00101,Sell,Crypto,TSLA,55.21,609.6,11/1/2023 15:18,33.66,33689.68
U0003,TX00102,Buy,Crypto,AMZN,58.76,79.83,9/15/2023 15:18,4.69,4695.5
U0043,TX00103,Buy,Crypto,ETH,84.01,856.51,1/18/2024 15:18,71.96,72027.37
U0056,TX00104,Sell,ETF,SPY,13.49,883.68,2/4/2024 15:18,11.92,11932.76
U0022,TX00105,Sell,Stock,AAPL,99.48,668.78,9/10/2023 15:18,66.53,66596.76
U0001,TX00106,Buy,Stock,ETH,68.12,665.38,2/27/2024 15:18,45.33,45371.02
U0099,TX00107,Buy,ETF,AAPL,32.35,513.2,2/12/2024 15:18,16.6,16618.62
U0091,TX00108,Buy,ETF,SPY,58.86,456.31,4/28/2024 15:18,26.86,26885.27
U0024,TX00109,Buy,Crypto,TSLA,65.42,206.71,7/17/2024 15:18,13.52,13536.49
U0097,TX00110,Buy,ETF,BTC,89.39,447.31,9/30/2023 15:18,39.99,40025.03
U0026,TX00111,Buy,Crypto,SPY,6.97,191.28,12/13/2023 15:18,1.33,1334.55
U0061,TX00112,Sell,Crypto,ETH,72.75,675.09,1/15/2024 15:18,49.11,49161.91
U0004,TX00113,Buy,ETF,TSLA,37.01,367.42,3/7/2024 15:18,13.6,13611.81
U0044,TX00114,Buy,ETF,TSLA,83.63,389.42,1/11/2024 15:18,32.57,32599.76
U0003,TX00115,Sell,ETF,AMZN,6.72,623.39,7/18/2024 15:18,4.19,4193.37
U0056,TX00116,Buy,Stock,AAPL,50.11,201.48,1/18/2024 15:18,10.1,10106.26
U0086,TX00117,Sell,Stock,ETH,11.38,271.68,10/4/2023 15:18,3.09,3094.81
U0054,TX00118,Buy,Stock,SPY,69.14,85.33,4/13/2024 15:18,5.9,5905.62
U0094,TX00119,Buy,ETF,TSLA,89.77,147.65,5/22/2024 15:18,13.25,13267.79
U0100,TX00120,Buy,ETF,BTC,31.6,574.31,4/25/2024 15:18,18.15,18166.35
U0083,TX00121,Buy,Stock,BTC,16.27,441.85,4/27/2024 15:18,7.19,7196.09
U0011,TX00122,Buy,ETF,TSLA,81.25,254.32,4/3/2024 15:18,20.66,20684.16
U0084,TX00123,Buy,Crypto,AAPL,85,476.69,10/15/2023 15:18,40.52,40559.17
U0091,TX00124,Sell,Crypto,AMZN,25.86,199.43,1/16/2024 15:18,5.16,5162.42
U0085,TX00125,Sell,Stock,AAPL,78.79,590.4,1/16/2024 15:18,46.52,46564.14
U0089,TX00126,Sell,ETF,BTC,85.23,429.96,1/30/2024 15:18,36.65,36682.14
U0086,TX00127,Buy,Crypto,AAPL,5.01,669.83,7/2/2024 15:18,3.36,3359.21
U0053,TX00128,Sell,Crypto,ETH,36.05,746.29,3/5/2024 15:18,26.9,26930.65
U0001,TX00129,Sell,ETF,ETH,56.75,570.87,4/6/2024 15:18,32.4,32429.27
U0032,TX00130,Sell,Stock,TSLA,86.97,782.48,12/15/2023 15:18,68.05,68120.34
U0029,TX00131,Buy,ETF,SPY,31.45,809.02,10/5/2023 15:18,25.44,25469.12
U0014,TX00132,Buy,Crypto,ETH,70.4,281.39,3/16/2024 15:18,19.81,19829.67
U0094,TX00133,Buy,ETF,AMZN,40.92,532.89,8/7/2024 15:18,21.81,21827.67
U0095,TX00134,Buy,Crypto,SPY,87.56,547.8,3/14/2024 15:18,47.97,48013.34
U0022,TX00135,Sell,Stock,SPY,53.67,722.91,,38.8,38837.38
U0013,TX00136,Buy,Stock,TSLA,71.97,549.73,8/22/2023 15:18,39.56,39603.63
U0088,TX00137,Buy,Stock,AMZN,10.39,266.15,3/18/2024 15:18,2.77,2768.07
U0100,TX00138,Sell,Crypto,AMZN,15.15,287.73,3/9/2024 15:18,4.36,4363.47
U0067,TX00139,Sell,ETF,TSLA,37.99,787.37,12/16/2023 15:18,29.91,29942.1
U0098,TX00140,Buy,ETF,,96.73,343.94,11/29/2023 15:18,33.27,33302.59
U0052,TX00141,Buy,ETF,SPY,22.81,450.68,9/19/2023 15:18,10.28,10290.29
U0068,TX00142,Buy,Stock,AMZN,2.81,904.48,7/7/2024 15:18,2.54,2544.13
U0017,TX00143,Buy,ETF,BTC,70.88,770.92,11/8/2023 15:18,54.64,54697.45
U0020,TX00144,Sell,Crypto,BTC,49.78,444.64,6/24/2024 15:18,22.13,22156.31
U0002,TX00145,Buy,Crypto,TSLA,28.33,307.96,4/1/2024 15:18,8.72,8733.23
U0013,TX00146,Buy,Stock,ETH,21.17,380.04,11/22/2023 15:18,8.05,8053.5
U0044,TX00147,Buy,ETF,SPY,99.61,602.59,2/16/2024 15:18,60.02,60084.01
U0071,TX00148,Buy,ETF,AMZN,31.73,966.64,9/6/2023 15:18,30.67,30702.16
U0065,TX00149,Sell,Stock,AMZN,6.03,616.04,1/24/2024 15:18,3.71,3718.43
U0084,TX00150,Buy,ETF,ETH,37.7,674.66,3/13/2024 15:18,25.43,25460.11
U0066,TX00151,Buy,Crypto,AAPL,25.73,276.72,5/20/2024 15:18,7.12,7127.13
U0067,TX00152,Buy,Crypto,TSLA,88.06,556.36,4/14/2024 15:18,48.99,49042.05
U0027,TX00153,Buy,ETF,BTC,26.22,243.33,12/7/2023 15:18,6.38,6386.49
U0061,TX00154,Sell,Stock,AMZN,86.64,993.99,11/1/2023 15:18,86.12,86205.41
U0044,TX00155,Buy,ETF,TSLA,78.03,659.86,1/6/2024 15:18,51.49,51540.37
U0021,TX00156,Buy,Crypto,ETH,29.53,920.02,5/24/2024 15:18,27.17,27195.36
U0098,TX00157,Sell,Crypto,AAPL,23.35,233.55,12/24/2023 15:18,5.45,5458.84
U0081,TX00158,Sell,Crypto,AAPL,34.39,21.44,8/3/2024 15:18,0.74,738.06
U0006,TX00159,Sell,ETF,AMZN,19.65,996.11,9/23/2023 15:18,19.57,19593.13
U0068,TX00160,Buy,Stock,ETH,46.76,233.65,12/2/2023 15:18,10.93,10936.4
U0009,TX00161,Buy,ETF,AAPL,59.14,634.57,12/29/2023 15:18,37.53,37566
U0060,TX00162,Buy,Crypto,TSLA,57.14,406.43,3/4/2024 15:18,23.22,23246.63
U0094,TX00163,Sell,ETF,AAPL,12.92,816.33,5/12/2024 15:18,10.55,10557.53
U0033,TX00164,Buy,ETF,AAPL,40.79,395.69,4/11/2024 15:18,16.14,16156.34
U0097,TX00165,Sell,ETF,AAPL,12.87,199.31,4/4/2024 15:18,2.57,2567.69
U0029,TX00166,Buy,ETF,SPY,69.84,273.48,12/18/2023 15:18,19.1,19118.94
U0033,TX00167,Sell,Stock,AAPL,69.02,311.75,2/25/2024 15:18,21.52,21538.5
U0021,TX00168,Buy,Stock,BTC,24.09,152.6,5/2/2024 15:18,3.68,3679.81
U0001,TX00169,Sell,Stock,TSLA,10.86,732.29,11/21/2023 15:18,7.95,7960.62
U0075,TX00170,Sell,ETF,SPY,98.22,576.73,4/11/2024 15:18,56.65,56703.07
U0003,TX00171,Buy,Stock,AAPL,37.23,714.62,3/28/2024 15:18,26.61,26631.91
U0005,TX00172,Sell,ETF,SPY,49.38,712.41,6/26/2024 15:18,35.18,35213.99
U0093,TX00173,Sell,Stock,ETH,8.86,389.8,9/4/2023 15:18,3.45,3457.08
U0076,TX00174,Buy,Stock,TSLA,30.94,144.24,8/21/2023 15:18,4.46,4467.25
U0033,TX00175,Sell,Crypto,ETH,61.59,407.65,1/13/2024 15:18,25.11,25132.27
U0043,TX00176,Buy,Stock,ETH,53.38,77.33,11/11/2023 15:18,4.13,4132.01
U0071,TX00177,Sell,Crypto,ETH,76.87,456.85,12/10/2023 15:18,35.12,35153.18
U0038,TX00178,Buy,Stock,AMZN,89.92,885.11,5/1/2024 15:18,79.59,79668.68
U0019,TX00179,Buy,Stock,BTC,52.63,449.04,5/9/2024 15:18,23.63,23656.61
U0077,TX00180,Sell,Stock,SPY,84.26,617.81,10/7/2023 15:18,52.06,52108.73
U0070,TX00181,Buy,ETF,SPY,35.42,385.18,3/17/2024 15:18,13.64,13656.72
U0050,TX00182,Buy,Stock,BTC,96.52,420.1,12/13/2023 15:18,40.55,40588.6
U0091,TX00183,Buy,Crypto,TSLA,23.19,385.76,8/6/2024 15:18,8.95,8954.72
U0020,TX00184,Buy,Crypto,TSLA,59.9,193.78,7/19/2024 15:18,11.61,11619.03
U0025,TX00185,Buy,Crypto,TSLA,32.78,27.07,8/23/2023 15:18,0.89,888.24
U0082,TX00186,Sell,Stock,BTC,47.35,796.61,2/13/2024 15:18,37.72,37757.2
U0086,TX00187,Buy,Stock,AMZN,53.27,826.39,2/24/2024 15:18,44.02,44065.82
U0089,TX00188,Buy,Stock,BTC,40.46,747.97,1/11/2024 15:18,30.26,30293.13
U0041,TX00189,Sell,Crypto,BTC,87.05,347.28,2/14/2024 15:18,30.23,30260.95
U0096,TX00190,Buy,ETF,BTC,51.44,954.92,9/10/2023 15:18,49.12,49170.2
U0069,TX00191,Sell,Stock,BTC,38.45,473.31,9/5/2023 15:18,18.2,18216.97
U0054,TX00192,Buy,ETF,TSLA,45.14,704.35,7/22/2024 15:18,31.79,31826.15
U0065,TX00193,Sell,Crypto,ETH,43.67,473.38,7/9/2024 15:18,20.67,20693.17
U0024,TX00194,Sell,Stock,AAPL,76.61,93.87,8/31/2023 15:18,7.19,7198.57
U0099,TX00195,Sell,ETF,TSLA,4.32,665.92,8/8/2024 15:18,2.88,2879.65
U0076,TX00196,Buy,ETF,AAPL,37.35,699.31,12/1/2023 15:18,26.12,26145.35
U0068,TX00197,Sell,Crypto,AMZN,30.13,249.59,10/9/2023 15:18,7.52,7527.67
U0035,TX00198,Sell,Crypto,ETH,7.82,606.18,2/6/2024 15:18,4.74,4745.07
U0076,TX00199,Buy,Stock,TSLA,26.72,21.13,12/24/2023 15:18,0.56,565.15
U0058,TX00200,Sell,Crypto,AMZN,28.07,478.51,12/17/2023 15:18,13.43,13445.21
U0021,TX00201,Sell,ETF,TSLA,11.49,40.07,2/16/2024 15:18,0.46,460.86
U0012,TX00202,Buy,Crypto,SPY,63.09,331.43,9/30/2023 15:18,20.91,20930.83
U0060,TX00203,Sell,Crypto,AMZN,1.15,199.39,1/24/2024 15:18,0.23,229.53
U0065,TX00204,Sell,ETF,ETH,39.21,556.75,5/5/2024 15:18,21.83,21852
U0085,TX00205,Buy,Crypto,BTC,91.48,414.32,12/25/2023 15:18,37.9,37939.89
U0043,TX00206,Sell,ETF,ETH,28.6,383.35,5/26/2024 15:18,10.96,10974.77
U0086,TX00207,Sell,ETF,ETH,71.57,267.01,10/7/2023 15:18,19.11,19129.02
U0016,TX00208,Buy,Crypto,BTC,72.98,711.08,11/6/2023 15:18,51.89,51946.51
U0074,TX00209,Sell,ETF,ETH,21.39,897.65,8/14/2024 15:18,19.2,19219.93
U0036,TX00210,Sell,ETF,AMZN,63.34,212.55,8/3/2024 15:18,13.46,13476.38
U0033,TX00211,Sell,Crypto,BTC,73.43,873.33,10/27/2023 15:18,64.13,64192.75
U0096,TX00212,Sell,Crypto,AAPL,99.16,809.04,1/11/2024 15:18,80.22,80304.63
U0054,TX00213,Buy,ETF,ETH,29.48,179.57,9/2/2023 15:18,5.29,5299.01
U0043,TX00214,Sell,Crypto,BTC,20.05,394.51,2/4/2024 15:18,7.91,7917.84
U0077,TX00215,Buy,Stock,AMZN,39.79,542.69,12/16/2023 15:18,21.59,21615.23
U0019,TX00216,Buy,Stock,TSLA,27.46,389.01,7/22/2024 15:18,10.68,10692.89
U0089,TX00217,Buy,Crypto,AAPL,55.92,499.45,4/26/2024 15:18,27.93,27957.17
U0048,TX00218,Buy,ETF,AAPL,68.32,41.82,6/3/2024 15:18,2.86,2860
U0016,TX00219,Buy,Crypto,AMZN,28.1,722.5,8/6/2024 15:18,20.3,20322.55
U0062,TX00220,Sell,ETF,BTC,60.96,541.32,12/12/2023 15:18,33,33031.87
U0012,TX00221,Sell,ETF,SPY,96.2,73.9,7/30/2024 15:18,7.11,7116.29
U0087,TX00222,Buy,ETF,AAPL,77.25,935.06,10/17/2023 15:18,72.23,72305.61
U0015,TX00223,Sell,ETF,AAPL,27.28,500.69,3/21/2024 15:18,13.66,13672.48
U0062,TX00224,Sell,Crypto,ETH,41.53,401.69,6/22/2024 15:18,16.68,16698.87
U0050,TX00225,Buy,ETF,TSLA,60.69,72.79,3/19/2024 15:18,4.42,4422.05
U0061,TX00226,Sell,Stock,AAPL,15.8,396.08,11/16/2023 15:18,6.26,6264.32
U0088,TX00227,Sell,Crypto,BTC,44.42,448.39,10/24/2023 15:18,19.92,19937.4
U0089,TX00228,Sell,ETF,AMZN,2.57,140.59,5/10/2024 15:18,0.36,361.68
U0046,TX00229,Sell,Crypto,SPY,53.22,542.71,8/14/2024 15:18,28.88,28911.91
U0006,TX00230,Buy,ETF,AMZN,51.77,630.88,4/9/2024 15:18,32.66,32693.32
U0034,TX00231,Buy,Crypto,ETH,52.24,82.37,1/10/2024 15:18,4.3,4307.31
U0075,TX00232,Buy,ETF,SPY,32.69,45.63,12/7/2023 15:18,1.49,1493.13
U0077,TX00233,Buy,Stock,BTC,10.6,56.55,5/20/2024 15:18,0.6,600.03
U0061,TX00234,Sell,Crypto,AAPL,84.11,582.34,7/26/2024 15:18,48.98,49029.6
U0038,TX00235,Sell,Stock,TSLA,83.65,544.34,6/12/2024 15:18,45.53,45579.57
U0090,TX00236,Buy,ETF,SPY,40.36,30.44,10/12/2023 15:18,1.23,1229.79
U0091,TX00237,Buy,Stock,SPY,25.07,806.14,12/8/2023 15:18,20.21,20230.14
U0037,TX00238,Sell,Stock,AAPL,78.78,664.98,5/2/2024 15:18,52.39,52439.51
U0002,TX00239,Sell,Stock,SPY,58.13,443.51,10/2/2023 15:18,25.78,25807.02
U0082,TX00240,Sell,Stock,SPY,55.69,771.61,4/14/2024 15:18,42.97,43013.93
U0042,TX00241,Buy,Stock,AMZN,60.81,916.63,10/30/2023 15:18,55.74,55796.01
U0019,TX00242,Sell,Stock,SPY,92.92,707.71,10/29/2023 15:18,65.76,65826.17
U0056,TX00243,Sell,Stock,AMZN,27.88,309.23,5/28/2024 15:18,8.62,8629.95
U0080,TX00244,Buy,ETF,ETH,96.62,475.12,7/11/2024 15:18,45.91,45952
U0024,TX00245,Buy,Crypto,AAPL,33.62,508.52,4/18/2024 15:18,17.1,17113.54
U0020,TX00246,Sell,Stock,BTC,1.75,48.12,7/21/2024 15:18,0.08,84.29
U0004,TX00247,Buy,Crypto,AMZN,56.8,505.41,1/25/2024 15:18,28.71,28736
U0013,TX00248,Buy,Stock,SPY,59.38,938.27,10/12/2023 15:18,55.71,55770.18
U0085,TX00249,Buy,Stock,AMZN,65.11,443.73,3/14/2024 15:18,28.89,28920.15
U0086,TX00250,Sell,ETF,TSLA,67.53,639.27,3/17/2024 15:18,43.17,43213.07
U0096,TX00251,Buy,ETF,ETH,26.93,520.08,7/26/2024 15:18,14.01,14019.76
U0008,TX00252,Buy,Stock,ETH,59,122.4,12/10/2023 15:18,7.22,7228.82
U0064,TX00253,Sell,Crypto,TSLA,90.13,994.72,1/7/2024 15:18,89.65,89743.76
U0092,TX00254,Buy,Stock,AMZN,10.44,924.31,4/16/2024 15:18,9.65,9659.45
U0077,TX00255,Buy,Crypto,AMZN,50.45,566.09,8/5/2024 15:18,28.56,28587.8
U0016,TX00256,Sell,Crypto,BTC,37.38,619.45,10/5/2023 15:18,23.16,23178.2
U0076,TX00257,Buy,Crypto,AAPL,33.38,735.93,2/4/2024 15:18,24.57,24589.91
U0031,TX00258,Buy,ETF,TSLA,15.81,614.39,12/13/2023 15:18,9.71,9723.22
U0068,TX00259,Buy,Stock,AAPL,43.8,150.6,10/12/2023 15:18,6.6,6602.88
U0091,TX00260,Buy,Stock,AMZN,11.63,353.71,9/7/2023 15:18,4.11,4117.76
U0081,TX00261,Buy,Crypto,SPY,26.86,585.86,3/10/2024 15:18,15.74,15751.94
U0049,TX00262,Sell,ETF,AMZN,77.93,556.77,10/22/2023 15:18,43.39,43432.48
U0049,TX00263,Sell,ETF,AMZN,86.49,521.42,1/31/2024 15:18,45.1,45142.72
U0062,TX00264,Sell,Crypto,AAPL,28.91,215.18,9/12/2023 15:18,6.22,6227.07
U0030,TX00265,Buy,ETF,TSLA,11.9,792.19,2/10/2024 15:18,9.43,9436.49
U0037,TX00266,Buy,ETF,BTC,60.87,29.29,1/14/2024 15:18,1.78,1784.66
U0027,TX00267,Sell,Crypto,AMZN,63.1,730.94,1/28/2024 15:18,46.12,46168.43
U0030,TX00268,Sell,Stock,AMZN,7.95,569.16,11/26/2023 15:18,4.52,4529.34
U0026,TX00269,Sell,ETF,BTC,56.84,416.98,12/12/2023 15:18,23.7,23724.84
U0099,TX00270,Sell,Stock,BTC,81.24,810.57,10/20/2023 15:18,65.85,65916.56
U0071,TX00271,Buy,Stock,ETH,65.58,57.06,9/30/2023 15:18,3.74,3745.73
U0009,TX00272,Sell,Stock,AAPL,84.36,155.09,12/11/2023 15:18,13.08,13096.47
U0048,TX00273,Buy,ETF,SPY,30.99,700.05,2/17/2024 15:18,21.69,21716.24
U0065,TX00274,Buy,ETF,AMZN,64.93,77.8,3/14/2024 15:18,5.05,5056.6
U0087,TX00275,Sell,Stock,SPY,54.97,34.7,6/11/2024 15:18,1.91,1909.37
U0010,TX00276,Sell,ETF,ETH,74.55,976.2,6/24/2024 15:18,72.78,72848.49
U0089,TX00277,Sell,ETF,TSLA,16.4,406.47,7/20/2024 15:18,6.67,6672.78
U0026,TX00278,Sell,Crypto,ETH,65.71,646.93,10/26/2023 15:18,42.51,42552.28
U0010,TX00279,Sell,ETF,SPY,7.81,636.72,7/18/2024 15:18,4.97,4977.75
U0017,TX00280,Buy,Crypto,TSLA,54.83,841.86,6/12/2024 15:18,46.16,46205.34
U0080,TX00281,Buy,Crypto,BTC,53.07,984.11,8/15/2024 15:18,52.23,52278.95
U0004,TX00282,Sell,ETF,AAPL,60.59,657.84,12/7/2023 15:18,39.86,39898.39
U0080,TX00283,Buy,ETF,AMZN,8.04,500.82,11/30/2023 15:18,4.03,4030.62
U0095,TX00284,Buy,Stock,AMZN,23.34,592.87,2/17/2024 15:18,13.84,13851.43
U0037,TX00285,Sell,Crypto,AMZN,19.57,223.37,3/28/2024 15:18,4.37,4375.72
U0027,TX00286,Buy,Stock,TSLA,31.18,703.01,3/7/2024 15:18,21.92,21941.77
U0049,TX00287,Sell,ETF,ETH,26.49,445.86,7/13/2024 15:18,11.81,11822.64
U0079,TX00288,Buy,ETF,AAPL,5.14,364.12,1/23/2024 15:18,1.87,1873.45
U0029,TX00289,Sell,Stock,ETH,63.43,840.89,1/17/2024 15:18,53.34,53390.99
U0046,TX00290,Buy,ETF,AAPL,90.48,456.61,8/25/2023 15:18,41.31,41355.38
U0059,TX00291,Sell,Stock,TSLA,19.29,283.62,12/12/2023 15:18,5.47,5476.5
U0048,TX00292,Sell,Crypto,AAPL,59.72,303.03,5/29/2024 15:18,18.1,18115.05
U0073,TX00293,Sell,Crypto,AAPL,17.02,259.31,1/15/2024 15:18,4.41,4417.87
U0030,TX00294,Sell,Crypto,AAPL,61.15,617.19,12/21/2023 15:18,37.74,37778.91
U0006,TX00295,Sell,Stock,AAPL,45.19,310.2,8/2/2024 15:18,14.02,14031.96
U0031,TX00296,Sell,Crypto,ETH,25.29,440.79,5/15/2024 15:18,11.15,11158.73
U0002,TX00297,Buy,Stock,AAPL,68.02,426.72,9/10/2023 15:18,29.03,29054.52
U0002,TX00298,Sell,Crypto,TSLA,85.6,925.38,9/28/2023 15:18,79.21,79291.74
U0071,TX00299,Sell,Stock,SPY,95.38,971.2,5/12/2024 15:18,92.63,92725.69
U0052,TX00300,Sell,ETF,AAPL,72.33,478.81,2/27/2024 15:18,34.63,34666.96
U0057,TX00301,Buy,ETF,SPY,30.56,755.76,9/6/2023 15:18,23.1,23119.13
U0070,TX00302,Buy,Crypto,SPY,68.34,197.08,12/29/2023 15:18,13.47,13481.92
U0041,TX00303,Sell,Crypto,ETH,85.24,241.94,4/26/2024 15:18,20.62,20643.59
U0100,TX00304,Buy,Stock,ETH,38.51,454.92,2/22/2024 15:18,17.52,17536.49
U0067,TX00305,Buy,Crypto,AMZN,78.69,249.93,4/24/2024 15:18,19.67,19686.66
U0092,TX00306,Sell,Stock,BTC,88.4,46.31,4/11/2024 15:18,4.09,4097.89
U0004,TX00307,Buy,Stock,ETH,19.11,783.09,12/29/2023 15:18,14.96,14979.81
U0056,TX00308,Sell,Stock,AAPL,51.18,744.42,11/1/2023 15:18,38.1,38137.52
U0087,TX00309,Buy,Crypto,AMZN,58.72,70.81,9/20/2023 15:18,4.16,4162.12
U0001,TX00310,Buy,ETF,TSLA,54.66,729.45,9/4/2023 15:18,39.87,39911.61
U0083,TX00311,Buy,Stock,TSLA,78.03,765.47,9/28/2023 15:18,59.73,59789.35
U0018,TX00312,Sell,ETF,SPY,50.84,438.97,3/7/2024 15:18,22.32,22339.55
U0091,TX00313,Sell,ETF,TSLA,16.58,161.03,1/4/2024 15:18,2.67,2672.55
U0085,TX00314,Buy,Crypto,SPY,14.86,71.53,3/5/2024 15:18,1.06,1064
U0006,TX00315,Sell,Crypto,AAPL,74.49,808.58,5/6/2024 15:18,60.23,60291.35
U0018,TX00316,Sell,Stock,AAPL,43.01,489.16,12/1/2023 15:18,21.04,21059.81
U0034,TX00317,Sell,Crypto,AMZN,56.42,313.7,1/25/2024 15:18,17.7,17716.65
U0098,TX00318,Sell,Crypto,AAPL,46.26,815.03,9/5/2023 15:18,37.7,37740.99
U0079,TX00319,Sell,Crypto,SPY,27.57,454.13,8/28/2023 15:18,12.52,12532.88
U0008,TX00320,Sell,ETF,AAPL,44.6,405.52,11/7/2023 15:18,18.09,18104.28
U0054,TX00321,Buy,ETF,SPY,2.99,543.78,2/5/2024 15:18,1.63,1627.53
U0030,TX00322,Buy,Stock,AMZN,76.13,309.09,9/5/2023 15:18,23.53,23554.55
U0071,TX00323,Sell,Crypto,TSLA,60.38,102.9,4/27/2024 15:18,6.21,6219.31
U0037,TX00324,Buy,Crypto,ETH,33.09,938.29,4/23/2024 15:18,31.05,31079.07
U0100,TX00325,Buy,Crypto,AMZN,61.3,674.74,1/25/2024 15:18,41.36,41402.92
U0013,TX00326,Buy,Crypto,AAPL,59.32,925.06,10/25/2023 15:18,54.87,54929.43
U0065,TX00327,Sell,Stock,AMZN,38.58,933.42,2/6/2024 15:18,36.01,36047.35
U0067,TX00328,Buy,Stock,AAPL,72.12,200.31,8/24/2023 15:18,14.45,14460.81
U0024,TX00329,Sell,Crypto,ETH,95.04,181.75,4/30/2024 15:18,17.27,17290.79
U0012,TX00330,Sell,ETF,ETH,29.79,287.16,4/27/2024 15:18,8.55,8563.05
U0023,TX00331,Buy,Crypto,SPY,88.27,94.15,9/15/2023 15:18,8.31,8318.93
U0090,TX00332,Buy,Crypto,SPY,67.13,926.07,10/6/2023 15:18,62.17,62229.25
U0072,TX00333,Sell,Stock,SPY,73.29,450.76,5/27/2024 15:18,33.04,33069.24
U0010,TX00334,Sell,Crypto,ETH,7.33,794.17,2/15/2024 15:18,5.82,5827.09
U0048,TX00335,Sell,ETF,AMZN,37.27,298.41,4/7/2024 15:18,11.12,11132.86
U0058,TX00336,Sell,Stock,TSLA,41.35,536.47,4/29/2024 15:18,22.18,22205.21
U0081,TX00337,Sell,ETF,TSLA,90.59,298.72,9/18/2023 15:18,27.06,27088.1
U0042,TX00338,Sell,ETF,AAPL,95.1,396.14,10/29/2023 15:18,37.67,37710.58
U0028,TX00339,Sell,ETF,AMZN,68.89,162.36,10/30/2023 15:18,11.18,11196.16
U0084,TX00340,Buy,Stock,ETH,33.58,991.19,2/5/2024 15:18,33.28,33317.44
U0078,TX00341,Sell,Stock,BTC,11.53,30.51,9/26/2023 15:18,0.35,352.13
U0015,TX00342,Buy,Stock,AAPL,39.51,924.67,11/26/2023 15:18,36.53,36570.24
U0044,TX00343,Sell,ETF,ETH,68.04,193.71,11/7/2023 15:18,13.18,13193.21
U0080,TX00344,Buy,Stock,ETH,65.02,65.4,5/26/2024 15:18,4.25,4256.56
U0006,TX00345,Sell,ETF,BTC,10.52,476.98,2/20/2024 15:18,5.02,5022.85
U0039,TX00346,Sell,Stock,SPY,27.98,831.77,4/23/2024 15:18,23.27,23296.19
U0044,TX00347,Buy,Crypto,TSLA,63.44,547.75,2/13/2024 15:18,34.75,34784.01
U0076,TX00348,Buy,ETF,ETH,4.87,223.38,3/3/2024 15:18,1.09,1088.95
U0057,TX00349,Sell,Crypto,AAPL,47.26,246.11,3/5/2024 15:18,11.63,11642.79
U0087,TX00350,Buy,Stock,TSLA,79.84,693.56,9/9/2023 15:18,55.37,55429.2
U0053,TX00351,Sell,Stock,SPY,88.6,254.02,2/1/2024 15:18,22.51,22528.68
U0003,TX00352,Sell,Stock,AAPL,17.34,671.82,4/21/2024 15:18,11.65,11661.01
U0053,TX00353,Buy,Crypto,TSLA,47.31,407.4,9/2/2023 15:18,19.27,19293.36
U0007,TX00354,Sell,ETF,ETH,74.56,276.76,8/8/2024 15:18,20.64,20655.87
U0009,TX00355,Sell,Crypto,TSLA,35.93,596.08,6/6/2024 15:18,21.42,21438.57
U0077,TX00356,Buy,ETF,ETH,14.87,324.48,4/23/2024 15:18,4.83,4829.85
U0100,TX00357,Buy,ETF,TSLA,7.67,838.03,1/9/2024 15:18,6.43,6434.12
U0058,TX00358,Buy,ETF,SPY,31.07,394.63,1/11/2024 15:18,12.26,12273.41
U0052,TX00359,Sell,ETF,TSLA,74.22,278.63,7/24/2024 15:18,20.68,20700.6
U0002,TX00360,Buy,ETF,AAPL,32.29,320.76,10/2/2023 15:18,10.36,10367.7
U0049,TX00361,Sell,ETF,BTC,86.66,707.8,9/9/2023 15:18,61.34,61399.29
U0020,TX00362,Buy,Stock,BTC,87.89,246.78,10/14/2023 15:18,21.69,21711.18
U0095,TX00363,Buy,Crypto,ETH,6.89,50.18,11/27/2023 15:18,0.35,346.09
U0026,TX00364,Sell,ETF,AMZN,96.68,646.36,2/26/2024 15:18,62.49,62552.57
U0063,TX00365,Sell,ETF,SPY,59.25,954.25,8/8/2024 15:18,56.54,56595.85
U0087,TX00366,Sell,Stock,BTC,67.39,231.87,1/13/2024 15:18,15.63,15641.35
U0092,TX00367,Sell,Crypto,AMZN,19.13,670.6,10/2/2023 15:18,12.83,12841.41
U0024,TX00368,Buy,Stock,ETH,75.75,676.59,12/22/2023 15:18,51.25,51302.94
U0095,TX00369,Buy,ETF,BTC,57.49,949.6,6/18/2024 15:18,54.59,54647.09
U0056,TX00370,Buy,Crypto,ETH,96.27,640.56,8/25/2023 15:18,61.67,61728.38
U0023,TX00371,Sell,Stock,AAPL,32.3,641.48,7/4/2024 15:18,20.72,20740.52
U0028,TX00372,Sell,Crypto,AAPL,24.47,315.44,6/15/2024 15:18,7.72,7726.54
U0097,TX00373,Buy,Crypto,TSLA,77.94,168.66,8/23/2023 15:18,13.15,13158.51
U0097,TX00374,Sell,Stock,AAPL,41.24,58.44,5/26/2024 15:18,2.41,2412.48
U0060,TX00375,Buy,ETF,AAPL,98.67,29.22,7/17/2024 15:18,2.88,2886.02
U0020,TX00376,Sell,Crypto,AMZN,36.13,459.91,10/12/2023 15:18,16.62,16633.17
U0090,TX00377,Sell,ETF,TSLA,34.67,565.18,8/15/2024 15:18,19.59,19614.38
U0015,TX00378,Buy,ETF,BTC,17.07,198.66,4/22/2024 15:18,3.39,3394.52
U0020,TX00379,Buy,Stock,ETH,77.77,974.53,4/17/2024 15:18,75.79,75864.99
U0089,TX00380,Sell,Stock,AMZN,66.82,45.57,8/26/2023 15:18,3.04,3048.03
U0092,TX00381,Buy,Crypto,AMZN,59.75,857.82,2/18/2024 15:18,51.25,51306
U0009,TX00382,Sell,Stock,BTC,74.27,267.32,1/6/2024 15:18,19.85,19873.71
U0057,TX00383,Buy,ETF,ETH,11.93,834.03,10/25/2023 15:18,9.95,9959.93
U0084,TX00384,Buy,Crypto,AAPL,1.56,524.07,8/27/2023 15:18,0.82,818.37
U0046,TX00385,Buy,ETF,AMZN,66.48,583.76,11/10/2023 15:18,38.81,38847.17
U0069,TX00386,Buy,Stock,BTC,79.27,991.8,1/23/2024 15:18,78.62,78698.61
U0042,TX00387,Sell,Crypto,TSLA,44.07,764.21,3/12/2024 15:18,33.68,33712.41
U0099,TX00388,Sell,Stock,ETH,82.3,459.54,10/28/2023 15:18,37.82,37857.96
U0071,TX00389,Sell,ETF,BTC,15.57,930.57,9/29/2023 15:18,14.49,14503.46
U0007,TX00390,Sell,ETF,AMZN,30.86,954.83,1/8/2024 15:18,29.47,29495.52
U0098,TX00391,Sell,ETF,ETH,50.94,412.26,8/29/2023 15:18,21,21021.52
U0100,TX00392,Sell,Stock,TSLA,68.07,255.06,4/8/2024 15:18,17.36,17379.29
U0058,TX00393,Sell,Stock,AMZN,23.33,574.04,3/25/2024 15:18,13.39,13405.74
U0083,TX00394,Buy,Crypto,BTC,73.16,720.52,4/11/2024 15:18,52.71,52765.95
U0074,TX00395,Sell,Crypto,AAPL,73.36,387.68,6/5/2024 15:18,28.44,28468.64
U0026,TX00396,Buy,Stock,BTC,67.91,560.26,12/31/2023 15:18,38.05,38085.31
U0013,TX00397,Buy,ETF,AAPL,46.38,30.78,12/22/2023 15:18,1.43,1429.01
U0055,TX00398,Buy,Stock,AAPL,2.48,142.68,8/3/2024 15:18,0.35,354.2
U0015,TX00399,Sell,Stock,AMZN,57.13,62.64,1/14/2024 15:18,3.58,3582.2
U0011,TX00400,Sell,Stock,AMZN,45.48,949.15,5/10/2024 15:18,43.17,43210.51
U0009,TX00401,Sell,Crypto,BTC,74.45,942.7,8/6/2024 15:18,70.18,70254.19
U0071,TX00402,Buy,ETF,SPY,38.18,287.77,4/29/2024 15:18,10.99,10998.05
U0003,TX00403,Sell,ETF,ETH,8.09,654.77,10/27/2023 15:18,5.3,5302.39
U0042,TX00404,Sell,ETF,TSLA,24.2,181.28,10/17/2023 15:18,4.39,4391.37
U0029,TX00405,Buy,ETF,BTC,1.67,272.64,12/11/2023 15:18,0.46,455.77
U0017,TX00406,Sell,Stock,SPY,42.53,153.37,6/21/2024 15:18,6.52,6529.35
U0077,TX00407,Buy,Stock,AMZN,92.84,529.05,7/15/2024 15:18,49.12,49166.12
U0060,TX00408,Buy,ETF,TSLA,14.21,906.75,1/5/2024 15:18,12.88,12897.8
U0029,TX00409,Sell,Stock,ETH,52.27,655.92,4/15/2024 15:18,34.28,34319.22
U0099,TX00410,Buy,ETF,BTC,35.22,950.76,7/13/2024 15:18,33.49,33519.26
U0077,TX00411,Buy,ETF,AMZN,50.29,981.8,11/6/2023 15:18,49.37,49424.09
U0092,TX00412,Buy,ETF,SPY,38.07,932.78,2/10/2024 15:18,35.51,35546.44
U0055,TX00413,Buy,ETF,BTC,14.37,969.9,10/27/2023 15:18,13.94,13951.4
U0013,TX00414,Buy,ETF,AMZN,79.9,621.48,8/17/2024 15:18,49.66,49705.91
U0040,TX00415,Buy,ETF,TSLA,59.6,493.62,7/11/2024 15:18,29.42,29449.17
U0040,TX00416,Sell,ETF,TSLA,54.01,967.54,9/11/2023 15:18,52.26,52309.1
U0051,TX00417,Sell,Stock,AMZN,23.74,487.54,4/29/2024 15:18,11.57,11585.77
U0036,TX00418,Buy,ETF,TSLA,15.88,618.08,6/30/2024 15:18,9.82,9824.93
U0063,TX00419,Sell,ETF,AAPL,49.56,949.08,5/21/2024 15:18,47.04,47083.44
U0058,TX00420,Buy,Stock,ETH,97.05,155.87,11/9/2023 15:18,15.13,15142.31
U0038,TX00421,Buy,Stock,ETH,4.92,574.35,11/29/2023 15:18,2.83,2828.63
U0065,TX00422,Buy,ETF,AAPL,54.99,31.17,4/13/2024 15:18,1.71,1715.75
U0030,TX00423,Buy,Stock,AAPL,52.01,869.66,6/19/2024 15:18,45.23,45276.25
U0076,TX00424,Buy,Stock,SPY,62.01,967.2,10/14/2023 15:18,59.98,60036.05
U0048,TX00425,Buy,Crypto,SPY,43.21,498.79,10/4/2023 15:18,21.55,21574.27
U0095,TX00426,Sell,Crypto,BTC,62.08,100.83,11/9/2023 15:18,6.26,6265.79
U0061,TX00427,Sell,Crypto,AMZN,70.51,789.5,5/19/2024 15:18,55.67,55723.32
U0067,TX00428,Sell,Crypto,SPY,79.02,87.11,10/22/2023 15:18,6.88,6890.31
U0018,TX00429,Sell,Stock,TSLA,65.14,603.13,4/12/2024 15:18,39.29,39327.18
U0003,TX00430,Sell,ETF,SPY,12.17,342.01,10/31/2023 15:18,4.16,4166.42
U0043,TX00431,Buy,Stock,SPY,25.45,786.24,7/20/2024 15:18,20.01,20029.82
U0065,TX00432,Sell,ETF,TSLA,71.62,55.42,11/20/2023 15:18,3.97,3973.15
U0035,TX00433,Sell,ETF,AMZN,81.8,883.45,6/1/2024 15:18,72.27,72338.48
U0073,TX00434,Buy,Crypto,TSLA,88.04,734.8,8/3/2024 15:18,64.69,64756.48
U0035,TX00435,Buy,ETF,SPY,52.32,977.89,1/23/2024 15:18,51.16,51214.36
U0034,TX00436,Buy,ETF,AAPL,69.65,579.71,5/23/2024 15:18,40.38,40417.18
U0074,TX00437,Buy,Stock,AAPL,58.71,459.88,12/14/2023 15:18,27,27026.55
U0086,TX00438,Buy,Crypto,TSLA,40.4,54.45,1/29/2024 15:18,2.2,2201.98
U0068,TX00439,Sell,ETF,ETH,58.59,813.37,12/22/2023 15:18,47.66,47703.01
U0056,TX00440,Buy,Stock,SPY,63.51,864.78,8/1/2024 15:18,54.92,54977.1
U0034,TX00441,Sell,ETF,SPY,96.19,314.81,9/29/2023 15:18,30.28,30311.85
U0025,TX00442,Sell,ETF,AAPL,19.59,224.77,2/8/2024 15:18,4.4,4407.64
U0008,TX00443,Sell,ETF,BTC,18.14,544.78,3/30/2024 15:18,9.88,9892.19
U0012,TX00444,Sell,Stock,TSLA,50.98,275.87,1/28/2024 15:18,14.06,14077.91
U0068,TX00445,Sell,ETF,AMZN,33.13,893.43,12/1/2023 15:18,29.6,29628.94
U0083,TX00446,Buy,Crypto,ETH,50.23,895.77,12/27/2023 15:18,44.99,45039.52
U0077,TX00447,Sell,ETF,ETH,52.14,976.15,10/5/2023 15:18,50.9,50947.36
U0040,TX00448,Buy,ETF,AMZN,75.46,470.54,4/19/2024 15:18,35.51,35542.46
U0065,TX00449,Sell,Stock,TSLA,97.5,298.77,4/15/2024 15:18,29.13,29159.2
U0023,TX00450,Buy,Stock,SPY,18.03,992.78,1/11/2024 15:18,17.9,17917.72
U0040,TX00451,Sell,Stock,ETH,95.63,765.76,10/2/2023 15:18,73.23,73302.86
U0007,TX00452,Buy,ETF,AAPL,83.12,948.63,4/29/2024 15:18,78.85,78928.98
U0068,TX00453,Sell,Crypto,AMZN,26.04,633.78,6/11/2024 15:18,16.5,16520.13
U0042,TX00454,Sell,ETF,SPY,64.89,310.6,1/29/2024 15:18,20.15,20174.98
U0020,TX00455,Sell,ETF,TSLA,88.99,317.79,3/16/2024 15:18,28.28,28308.41
U0086,TX00456,Buy,ETF,SPY,95.96,369.87,5/3/2024 15:18,35.49,35528.22
U0027,TX00457,Buy,Stock,BTC,99.76,921.84,4/1/2024 15:18,91.96,92054.72
U0060,TX00458,Buy,Crypto,AAPL,56.7,497.84,2/1/2024 15:18,28.23,28255.76
U0094,TX00459,Sell,Stock,BTC,25.29,354.48,2/16/2024 15:18,8.96,8973.76
U0036,TX00460,Buy,ETF,AMZN,78.91,194.44,8/29/2023 15:18,15.34,15358.6
U0037,TX00461,Buy,Crypto,ETH,29.08,401.78,11/15/2023 15:18,11.68,11695.44
U0054,TX00462,Sell,Stock,AAPL,79.29,142.84,12/25/2023 15:18,11.33,11337.11
U0055,TX00463,Buy,ETF,AAPL,83.3,990.04,6/3/2024 15:18,82.47,82552.8
U0045,TX00464,Buy,ETF,BTC,60.02,728.66,7/12/2024 15:18,43.73,43777.9
U0057,TX00465,Buy,Stock,AMZN,61.47,54.3,12/6/2023 15:18,3.34,3341.16
U0010,TX00466,Buy,ETF,BTC,79.69,374.62,5/18/2024 15:18,29.85,29883.32
U0082,TX00467,Sell,Stock,ETH,41.96,208.79,11/1/2023 15:18,8.76,8769.59
U0054,TX00468,Buy,Crypto,ETH,93.67,926.64,2/8/2024 15:18,86.8,86885.17
U0028,TX00469,Sell,ETF,TSLA,43.08,910.15,1/11/2024 15:18,39.21,39248.47
U0087,TX00470,Sell,ETF,ETH,79.05,186.54,4/21/2024 15:18,14.75,14760.74
U0078,TX00471,Sell,Crypto,TSLA,52.01,841.38,2/29/2024 15:18,43.76,43803.93
U0100,TX00472,Sell,ETF,ETH,94.13,26.9,12/16/2023 15:18,2.53,2534.63
U0044,TX00473,Buy,Crypto,TSLA,81.97,955.57,10/6/2023 15:18,78.33,78406.4
U0051,TX00474,Sell,Crypto,AMZN,3.09,179.75,2/18/2024 15:18,0.56,555.99
U0068,TX00475,Sell,Stock,TSLA,65.37,427.28,10/4/2023 15:18,27.93,27959.22
U0086,TX00476,Buy,ETF,AAPL,51.83,324.73,1/7/2024 15:18,16.83,16847.59
U0097,TX00477,Sell,Crypto,TSLA,64.84,826.07,11/16/2023 15:18,53.56,53615.94
U0037,TX00478,Buy,Stock,SPY,77.55,690.12,8/9/2024 15:18,53.52,53572.33
U0044,TX00479,Buy,Crypto,AAPL,44.68,565.75,1/31/2024 15:18,25.28,25302.99
U0074,TX00480,Buy,Stock,TSLA,54.23,562.42,4/25/2024 15:18,30.5,30530.54
U0009,TX00481,Sell,Stock,TSLA,4.59,983.57,8/7/2024 15:18,4.51,4519.1
U0081,TX00482,Sell,Crypto,BTC,77.12,198.31,6/26/2024 15:18,15.29,15308.96
U0075,TX00483,Sell,Stock,TSLA,35.21,933.43,9/23/2023 15:18,32.87,32898.94
U0028,TX00484,Buy,ETF,ETH,7.67,299.69,5/6/2024 15:18,2.3,2300.92
U0097,TX00485,Sell,Stock,AMZN,42.17,882.59,10/13/2023 15:18,37.22,37256.04
U0084,TX00486,Buy,Crypto,ETH,4.94,653.12,6/10/2024 15:18,3.23,3229.64
U0006,TX00487,Sell,ETF,SPY,98.18,615.18,12/1/2023 15:18,60.4,60458.77
U0019,TX00488,Sell,ETF,TSLA,7.4,725.78,11/29/2023 15:18,5.37,5376.14
U0074,TX00489,Sell,ETF,TSLA,31.98,38.51,1/24/2024 15:18,1.23,1232.78
U0060,TX00490,Sell,Stock,TSLA,62.21,613.24,4/11/2024 15:18,38.15,38187.81
U0005,TX00491,Buy,Crypto,ETH,89.93,784.24,9/21/2023 15:18,70.53,70597.23
U0026,TX00492,Sell,ETF,BTC,57.3,75.15,6/20/2024 15:18,4.31,4310.41
U0062,TX00493,Buy,ETF,AAPL,8.82,512.76,3/11/2024 15:18,4.52,4527.06
U0066,TX00494,Sell,ETF,SPY,7.5,225.52,6/26/2024 15:18,1.69,1693.09
U0084,TX00495,Sell,Stock,AAPL,4.32,355.65,3/26/2024 15:18,1.54,1537.95
U0087,TX00496,Buy,Crypto,SPY,76.91,193.37,12/4/2023 15:18,14.87,14886.96
U0073,TX00497,Buy,Crypto,AMZN,89.56,717.16,4/30/2024 15:18,64.23,64293.08
U0020,TX00498,Sell,ETF,AMZN,13.96,164.56,7/16/2024 15:18,2.3,2299.56
U0030,TX00499,Sell,Crypto,ETH,45.67,292.01,4/29/2024 15:18,13.34,13349.44
U0074,TX00500,Sell,Stock,ETH,35.31,312.41,10/5/2023 15:18,11.03,11042.23
U0045,TX00501,Buy,Stock,TSLA,59.85,91.89,1/12/2024 15:18,5.5,5505.12
U0062,TX00502,Buy,Crypto,SPY,70.8,177.54,5/20/2024 15:18,12.57,12582.4
U0068,TX00503,Sell,Stock,SPY,3.86,791.22,12/22/2023 15:18,3.05,3057.16
U0002,TX00504,Sell,Stock,SPY,68.44,151.88,12/8/2023 15:18,10.39,10405.06
U0049,TX00505,Sell,Stock,BTC,51.19,295.5,4/1/2024 15:18,15.13,15141.77
U0032,TX00506,Sell,ETF,TSLA,72.32,807.14,4/23/2024 15:18,58.37,58430.73
U0040,TX00507,Buy,Crypto,AMZN,22.83,452.68,2/5/2024 15:18,10.33,10345.01
U0019,TX00508,Sell,Stock,AMZN,69.25,718.44,8/18/2023 15:18,49.75,49801.72
U0048,TX00509,Buy,Crypto,TSLA,89.27,238.23,12/8/2023 15:18,21.27,21288.06
U0052,TX00510,Sell,Crypto,ETH,79.7,473.14,9/6/2023 15:18,37.71,37746.97
U0003,TX00511,Sell,Stock,ETH,40.99,797.1,9/12/2023 15:18,32.67,32705.8
U0056,TX00512,Buy,Crypto,SPY,1.67,574.28,2/27/2024 15:18,0.96,960.01
U0085,TX00513,Sell,ETF,SPY,47.7,609.2,5/20/2024 15:18,29.06,29087.9
U0008,TX00514,Buy,Crypto,ETH,74.97,598.46,1/25/2024 15:18,44.87,44911.42
U0046,TX00515,Buy,ETF,ETH,49.46,968.1,3/10/2024 15:18,47.88,47930.11
U0003,TX00516,Sell,Stock,BTC,96.42,65.13,5/31/2024 15:18,6.28,6286.11
U0066,TX00517,Buy,Crypto,BTC,90.66,11.41,1/19/2024 15:18,1.03,1035.46
U0086,TX00518,Sell,ETF,ETH,10.07,31.32,10/13/2023 15:18,0.32,315.71
U0087,TX00519,Buy,Crypto,AMZN,19.98,77.76,1/19/2024 15:18,1.55,1555.19
U0003,TX00520,Sell,Stock,TSLA,78.1,432.84,9/22/2023 15:18,33.8,33838.6
U0020,TX00521,Sell,Crypto,BTC,47.15,69.48,11/21/2023 15:18,3.28,3279.26
U0043,TX00522,Buy,ETF,SPY,48.46,790.69,6/10/2024 15:18,38.32,38355.16
U0021,TX00523,Buy,Crypto,BTC,16.01,754.37,6/25/2024 15:18,12.08,12089.54
U0054,TX00524,Sell,Crypto,AMZN,46.27,262.96,3/11/2024 15:18,12.17,12179.33
U0051,TX00525,Sell,ETF,AAPL,72.34,784.62,3/5/2024 15:18,56.76,56816.17
U0007,TX00526,Buy,ETF,AMZN,83.15,198.97,3/15/2024 15:18,16.54,16560.9
U0008,TX00527,Buy,Crypto,AMZN,91.96,276.79,12/5/2023 15:18,25.45,25479.06
U0100,TX00528,Buy,ETF,BTC,75.29,694.74,3/14/2024 15:18,52.31,52359.28
U0036,TX00529,Buy,ETF,BTC,9.76,961.3,5/1/2024 15:18,9.38,9391.67
U0049,TX00530,Buy,ETF,ETH,34.81,911.22,8/23/2023 15:18,31.72,31751.29
U0004,TX00531,Sell,Crypto,AMZN,72.59,875.74,9/11/2023 15:18,63.57,63633.54
U0058,TX00532,Buy,Stock,ETH,77.61,893.65,4/7/2024 15:18,69.36,69425.54
U0062,TX00533,Sell,Crypto,BTC,20.59,415.99,12/1/2023 15:18,8.57,8573.8
U0007,TX00534,Buy,ETF,BTC,63.85,395.1,5/30/2024 15:18,25.23,25252.37
U0022,TX00535,Buy,ETF,SPY,36.06,790.93,4/29/2024 15:18,28.52,28549.46
U0005,TX00536,Sell,Stock,ETH,30.38,510.87,10/13/2023 15:18,15.52,15535.75
U0089,TX00537,Sell,Stock,AAPL,6.2,18.57,8/23/2023 15:18,0.12,115.25
U0001,TX00538,Sell,Stock,TSLA,59.58,297.62,4/13/2024 15:18,17.73,17749.93
U0066,TX00539,Sell,Stock,TSLA,87.7,849.83,11/3/2023 15:18,74.53,74604.62
U0001,TX00540,Sell,ETF,AAPL,4.01,232.85,3/6/2024 15:18,0.93,934.66
U0098,TX00541,Buy,Crypto,AMZN,42.71,652.33,1/8/2024 15:18,27.86,27888.87
U0025,TX00542,Sell,Stock,SPY,48.96,620.46,3/10/2024 15:18,30.38,30408.1
U0017,TX00543,Buy,ETF,ETH,9.86,593.07,2/14/2024 15:18,5.85,5853.52
U0012,TX00544,Buy,Crypto,SPY,86.57,397.52,1/23/2024 15:18,34.41,34447.72
U0059,TX00545,Sell,ETF,SPY,63.11,81.07,7/14/2024 15:18,5.12,5121.45
U0045,TX00546,Sell,ETF,SPY,45.95,227.62,10/10/2023 15:18,10.46,10469.6
U0083,TX00547,Buy,ETF,AMZN,9.73,329.55,1/5/2024 15:18,3.21,3209.73
U0086,TX00548,Sell,ETF,ETH,9.47,637.41,1/18/2024 15:18,6.04,6042.31
U0068,TX00549,Sell,ETF,AMZN,20.2,851.3,2/29/2024 15:18,17.2,17213.46
U0085,TX00550,Buy,Stock,SPY,9.26,264.66,5/6/2024 15:18,2.45,2453.2
U0030,TX00551,Buy,ETF,ETH,26.19,829.92,2/4/2024 15:18,21.74,21757.34
U0040,TX00552,Sell,Stock,TSLA,48.82,798.34,2/15/2024 15:18,38.97,39013.93
U0010,TX00553,Buy,ETF,AMZN,22.58,365.48,11/24/2023 15:18,8.25,8260.79
U0058,TX00554,Buy,Stock,AMZN,9.93,246.08,7/20/2024 15:18,2.44,2446.01
U0065,TX00555,Buy,Crypto,TSLA,58.22,315.71,12/31/2023 15:18,18.38,18399.02
U0058,TX00556,Sell,Stock,AMZN,18.51,657.95,8/3/2024 15:18,12.18,12190.83
U0078,TX00557,Buy,Stock,AAPL,86.14,353.97,9/27/2023 15:18,30.49,30521.47
U0019,TX00558,Buy,Crypto,ETH,51.98,616.45,4/15/2024 15:18,32.04,32075.11
U0006,TX00559,Buy,Stock,BTC,50.1,652.41,10/28/2023 15:18,32.69,32718.43
U0075,TX00560,Buy,Crypto,SPY,76.04,415.5,6/4/2024 15:18,31.59,31626.21
U0009,TX00561,Buy,Stock,SPY,33.74,553.13,3/7/2024 15:18,18.66,18681.27
U0041,TX00562,Buy,Stock,AAPL,88.56,269.74,6/25/2024 15:18,23.89,23912.06
U0046,TX00563,Buy,Crypto,BTC,10.93,787.71,6/26/2024 15:18,8.61,8618.28
U0001,TX00564,Buy,ETF,AAPL,76.32,498.13,12/28/2023 15:18,38.02,38055.3
U0047,TX00565,Buy,Crypto,ETH,39.69,543.73,5/31/2024 15:18,21.58,21602.22
U0056,TX00566,Sell,Crypto,AMZN,87.41,214.25,6/4/2024 15:18,18.73,18746.32
U0072,TX00567,Sell,Crypto,TSLA,79.82,667.04,9/13/2023 15:18,53.24,53296.37
U0054,TX00568,Sell,Crypto,TSLA,73.52,978.7,1/11/2024 15:18,71.95,72025.97
U0009,TX00569,Sell,Stock,SPY,91.47,622.63,10/6/2023 15:18,56.95,57008.92
U0048,TX00570,Buy,ETF,TSLA,32.51,812.06,11/14/2023 15:18,26.4,26426.47
U0039,TX00571,Buy,Crypto,ETH,19.88,365.99,3/31/2024 15:18,7.28,7283.16
U0034,TX00572,Sell,ETF,TSLA,33.45,355.21,4/5/2024 15:18,11.88,11893.65
U0065,TX00573,Sell,Crypto,BTC,72,755.07,5/19/2024 15:18,54.37,54419.41
U0090,TX00574,Buy,Crypto,TSLA,34.76,730.13,6/4/2024 15:18,25.38,25404.7
U0070,TX00575,Buy,ETF,AAPL,88.57,242.87,9/18/2023 15:18,21.51,21532.51
U0021,TX00576,Sell,Crypto,TSLA,46.04,910.45,3/17/2024 15:18,41.92,41959.04
U0037,TX00577,Sell,Stock,AAPL,47.25,935.89,12/19/2023 15:18,44.22,44265.02
U0029,TX00578,Buy,ETF,AAPL,75.7,541.19,8/25/2023 15:18,40.97,41009.05
U0029,TX00579,Sell,Crypto,ETH,13.16,744.25,1/14/2024 15:18,9.79,9804.12
U0046,TX00580,Buy,Crypto,BTC,63.59,356.32,8/31/2023 15:18,22.66,22681.05
U0016,TX00581,Sell,Crypto,ETH,91.42,250.46,5/6/2024 15:18,22.9,22919.95
U0031,TX00582,Sell,Stock,SPY,92.2,852.14,3/6/2024 15:18,78.57,78645.88
U0045,TX00583,Sell,ETF,ETH,27.48,901.11,4/22/2024 15:18,24.76,24787.26
U0043,TX00584,Sell,ETF,SPY,94.6,257.53,7/25/2024 15:18,24.36,24386.7
U0084,TX00585,Sell,ETF,AAPL,54.64,915.54,2/21/2024 15:18,50.03,50075.14
U0089,TX00586,Sell,Crypto,AMZN,66.03,554.37,6/27/2024 15:18,36.61,36641.66
U0056,TX00587,Sell,Crypto,BTC,60.81,574.24,12/3/2023 15:18,34.92,34954.45
U0026,TX00588,Sell,Crypto,AMZN,44.5,228.65,2/26/2024 15:18,10.17,10185.1
U0076,TX00589,Buy,Stock,SPY,65.36,954.19,12/25/2023 15:18,62.37,62428.23
U0088,TX00590,Buy,Stock,TSLA,25.27,29.05,4/30/2024 15:18,0.73,734.82
U0022,TX00591,Buy,Stock,AAPL,11.45,989.98,12/21/2023 15:18,11.34,11346.61
U0085,TX00592,Buy,ETF,SPY,64.97,637.75,12/24/2023 15:18,41.43,41476.05
U0091,TX00593,Buy,Crypto,AAPL,77.14,846.53,10/6/2023 15:18,65.3,65366.62
U0039,TX00594,Buy,Crypto,ETH,54.42,485.5,4/11/2024 15:18,26.42,26447.33
U0091,TX00595,Sell,ETF,SPY,11.22,680.2,12/25/2023 15:18,7.63,7639.47
U0085,TX00596,Sell,Crypto,BTC,42.26,259.57,8/6/2024 15:18,10.97,10980.4
U0031,TX00597,Buy,ETF,TSLA,61.14,966.13,4/23/2024 15:18,59.07,59128.26
U0008,TX00598,Sell,Crypto,BTC,25.45,912.65,5/12/2024 15:18,23.23,23250.17
U0001,TX00599,Sell,Stock,AMZN,23.75,433.64,10/9/2023 15:18,10.3,10309.25
U0011,TX00600,Sell,Stock,AAPL,62.55,472.73,4/15/2024 15:18,29.57,29598.83
U0071,TX00601,Buy,Crypto,TSLA,39.09,356.89,5/16/2024 15:18,13.95,13964.78
U0037,TX00602,Buy,Crypto,TSLA,66.43,670.5,1/10/2024 15:18,44.54,44585.86
U0056,TX00603,Buy,ETF,AMZN,16.06,133.49,3/20/2024 15:18,2.14,2145.99
U0083,TX00604,Sell,ETF,ETH,83.6,386.92,3/24/2024 15:18,32.35,32378.86
U0059,TX00605,Buy,ETF,TSLA,89.87,835.43,10/6/2023 15:18,75.08,75155.17
U0098,TX00606,Buy,Stock,SPY,83.13,401.89,9/12/2023 15:18,33.41,33442.53
U0096,TX00607,Sell,Crypto,ETH,22.62,862.6,2/4/2024 15:18,19.51,19531.52
U0038,TX00608,Buy,Stock,ETH,95.35,388.33,10/3/2023 15:18,37.03,37064.3
U0079,TX00609,Sell,Crypto,AAPL,58.14,21.26,6/15/2024 15:18,1.24,1237.3
U0092,TX00610,Buy,Stock,TSLA,60.08,636.5,4/29/2024 15:18,38.24,38279.16
U0032,TX00611,Sell,Crypto,SPY,56.82,806.26,5/8/2024 15:18,45.81,45857.5
U0026,TX00612,Sell,Stock,BTC,59.05,595.46,6/26/2024 15:18,35.16,35197.07
U0045,TX00613,Sell,Stock,AMZN,2.46,277.71,12/25/2023 15:18,0.68,683.85
U0023,TX00614,Buy,ETF,TSLA,65,872.89,9/29/2023 15:18,56.74,56794.59
U0060,TX00615,Buy,Stock,ETH,97.93,73.35,11/24/2023 15:18,7.18,7190.35
U0059,TX00616,Buy,Stock,ETH,25.44,385.77,10/21/2023 15:18,9.81,9823.8
U0069,TX00617,Buy,Crypto,BTC,52.28,60.41,7/30/2024 15:18,3.16,3161.39
U0005,TX00618,Sell,Stock,BTC,49.98,502.38,10/7/2023 15:18,25.11,25134.06
U0056,TX00619,Buy,Crypto,AAPL,62.67,129.43,11/30/2023 15:18,8.11,8119.49
U0032,TX00620,Sell,ETF,AMZN,84.7,624.54,8/14/2024 15:18,52.9,52951.44
U0074,TX00621,Buy,ETF,ETH,26.42,534.32,8/5/2024 15:18,14.12,14130.85
U0095,TX00622,Buy,Crypto,AMZN,76.12,223.06,7/10/2024 15:18,16.98,16996.31
U0034,TX00623,Buy,ETF,AAPL,85.34,908.99,12/7/2023 15:18,77.57,77650.78
U0090,TX00624,Buy,Stock,BTC,26.44,494.44,2/9/2024 15:18,13.07,13086.06
U0060,TX00625,Buy,Stock,SPY,3.64,753.55,2/22/2024 15:18,2.74,2745.66
U0090,TX00626,Buy,Crypto,BTC,63.28,331.97,6/19/2024 15:18,21.01,21028.07
U0038,TX00627,Buy,ETF,AAPL,3.56,520.86,7/17/2024 15:18,1.85,1856.11
U0076,TX00628,Sell,Crypto,SPY,43.51,268.3,8/5/2024 15:18,11.67,11685.4
U0014,TX00629,Buy,ETF,AMZN,8.25,489.47,1/20/2024 15:18,4.04,4042.17
U0077,TX00630,Buy,Crypto,AAPL,18.59,733.2,12/18/2023 15:18,13.63,13643.82
U0047,TX00631,Sell,Stock,BTC,50.78,254.22,11/29/2023 15:18,12.91,12922.2
U0052,TX00632,Sell,ETF,BTC,7.36,329.19,10/25/2023 15:18,2.42,2425.26
U0075,TX00633,Buy,Stock,TSLA,93.58,180.41,1/5/2024 15:18,16.88,16899.65
U0096,TX00634,Sell,ETF,SPY,66.25,254.09,2/17/2024 15:18,16.83,16850.29
U0047,TX00635,Buy,Stock,AAPL,50.95,102.44,5/3/2024 15:18,5.22,5224.54
U0043,TX00636,Buy,Stock,AMZN,63.96,295.36,2/21/2024 15:18,18.89,18910.12
U0022,TX00637,Buy,ETF,AMZN,85.25,903.02,2/21/2024 15:18,76.98,77059.43
U0056,TX00638,Buy,Crypto,BTC,41.63,739.69,2/5/2024 15:18,30.79,30824.08
U0065,TX00639,Sell,ETF,ETH,65.67,241.63,9/27/2023 15:18,15.87,15883.71
U0029,TX00640,Buy,Stock,ETH,3.19,515.22,5/12/2024 15:18,1.64,1645.19
U0046,TX00641,Buy,Crypto,BTC,25.76,200.24,10/22/2023 15:18,5.16,5163.34
U0080,TX00642,Sell,Crypto,BTC,68.33,900.7,10/18/2023 15:18,61.54,61606.37
U0053,TX00643,Buy,Stock,SPY,55.83,345.75,10/30/2023 15:18,19.3,19322.52
U0080,TX00644,Sell,Crypto,AMZN,75.09,14.54,5/25/2024 15:18,1.09,1092.9
U0051,TX00645,Sell,ETF,AAPL,29.73,142.05,11/10/2023 15:18,4.22,4227.37
U0037,TX00646,Sell,Stock,TSLA,77.78,385.02,6/29/2024 15:18,29.95,29976.81
U0084,TX00647,Sell,ETF,ETH,5.27,248.48,2/29/2024 15:18,1.31,1310.8
U0080,TX00648,Sell,Crypto,AMZN,10.25,193.8,1/6/2024 15:18,1.99,1988.44
U0024,TX00649,Sell,Crypto,BTC,51.01,342.48,7/11/2024 15:18,17.47,17487.37
U0042,TX00650,Sell,Stock,SPY,74.4,219.85,12/11/2023 15:18,16.36,16373.2
U0042,TX00651,Buy,ETF,AAPL,31.95,627.89,12/2/2023 15:18,20.06,20081.15
U0014,TX00652,Buy,ETF,BTC,41.68,255.26,8/13/2024 15:18,10.64,10649.88
U0007,TX00653,Sell,Crypto,ETH,88.01,329.84,9/14/2023 15:18,29.03,29058.25
U0082,TX00654,Buy,ETF,AMZN,9.82,506.97,2/11/2024 15:18,4.98,4983.43
U0042,TX00655,Sell,Crypto,AMZN,61.01,858.1,11/3/2023 15:18,52.35,52405.03
U0023,TX00656,Sell,Stock,TSLA,69.66,127.88,4/28/2024 15:18,8.91,8917.03
U0030,TX00657,Buy,Stock,AAPL,10.12,707.78,10/25/2023 15:18,7.16,7169.89
U0090,TX00658,Sell,Stock,TSLA,52.65,624.98,11/18/2023 15:18,32.91,32938.11
U0026,TX00659,Sell,Crypto,BTC,96.67,720.14,6/20/2024 15:18,69.62,69685.55
U0082,TX00660,Sell,ETF,BTC,79.88,662.25,4/4/2024 15:18,52.9,52953.43
U0065,TX00661,Buy,ETF,SPY,31.98,676.49,12/31/2023 15:18,21.63,21655.78
U0064,TX00662,Sell,Stock,SPY,53.18,522.94,10/31/2023 15:18,27.81,27837.76
U0095,TX00663,Sell,Stock,ETH,48.94,998.87,12/29/2023 15:18,48.88,48933.58
U0094,TX00664,Buy,ETF,TSLA,33,309.67,8/10/2024 15:18,10.22,10229.33
U0025,TX00665,Buy,Stock,BTC,97.43,401.43,7/20/2024 15:18,39.11,39150.43
U0025,TX00666,Sell,Stock,ETH,3.5,531.64,3/7/2024 15:18,1.86,1862.6
U0043,TX00667,Sell,Crypto,AMZN,31.46,908.97,11/17/2023 15:18,28.6,28624.8
U0043,TX00668,Sell,Stock,AMZN,45.11,861.81,3/30/2024 15:18,38.88,38915.13
U0087,TX00669,Sell,Crypto,AAPL,31.52,60.88,8/13/2024 15:18,1.92,1920.86
U0068,TX00670,Sell,ETF,BTC,13.15,381.97,7/27/2024 15:18,5.02,5027.93
U0036,TX00671,Sell,Stock,AAPL,96.84,582.23,4/18/2024 15:18,56.38,56439.53
U0078,TX00672,Sell,Stock,ETH,6.24,557.8,10/17/2023 15:18,3.48,3484.15
U0051,TX00673,Buy,ETF,ETH,27.1,768.1,11/1/2023 15:18,20.82,20836.33
U0040,TX00674,Buy,Crypto,TSLA,32.83,991.64,12/24/2023 15:18,32.56,32588.1
U0055,TX00675,Buy,ETF,TSLA,73.49,969.07,4/23/2024 15:18,71.22,71288.17
U0059,TX00676,Sell,ETF,TSLA,34.36,637.29,12/10/2023 15:18,21.9,21919.18
U0085,TX00677,Sell,ETF,AMZN,35.23,401.61,9/29/2023 15:18,14.15,14162.87
U0061,TX00678,Buy,ETF,ETH,55.36,54.41,9/22/2023 15:18,3.01,3015.15
U0049,TX00679,Sell,Stock,TSLA,62.53,811.56,7/24/2024 15:18,50.75,50797.6
U0063,TX00680,Sell,ETF,ETH,90.28,469.54,2/17/2024 15:18,42.39,42432.46
U0094,TX00681,Sell,Crypto,ETH,2.51,323.89,8/5/2024 15:18,0.81,813.77
U0016,TX00682,Sell,ETF,BTC,73.76,150.21,12/31/2023 15:18,11.08,11090.57
U0021,TX00683,Buy,Crypto,BTC,95.62,506.41,12/1/2023 15:18,48.42,48471.34
U0021,TX00684,Buy,ETF,AMZN,13.4,863.31,3/31/2024 15:18,11.57,11579.92
U0093,TX00685,Sell,Crypto,TSLA,51.01,468.55,1/20/2024 15:18,23.9,23924.64
U0060,TX00686,Sell,ETF,ETH,60.4,676.57,2/22/2024 15:18,40.86,40905.69
U0003,TX00687,Sell,Crypto,AAPL,47.19,542.46,5/9/2024 15:18,25.6,25624.29
U0099,TX00688,Sell,Crypto,TSLA,26.92,834.86,2/5/2024 15:18,22.47,22496.9
U0093,TX00689,Sell,Crypto,AMZN,61.99,79.4,5/24/2024 15:18,4.92,4926.93
U0085,TX00690,Buy,Stock,ETH,82.19,559,10/27/2023 15:18,45.94,45990.15
U0025,TX00691,Sell,Stock,BTC,33.99,871.2,8/18/2023 15:18,29.61,29641.7
U0071,TX00692,Sell,ETF,ETH,70.4,836.47,8/25/2023 15:18,58.89,58946.38
U0004,TX00693,Sell,Stock,ETH,32.46,123.9,12/7/2023 15:18,4.02,4025.81
U0081,TX00694,Buy,Crypto,TSLA,36.52,672.09,6/13/2024 15:18,24.54,24569.27
U0011,TX00695,Buy,Stock,AAPL,79.22,857.83,6/3/2024 15:18,67.96,68025.25
U0076,TX00696,Buy,Crypto,TSLA,12.41,653.87,9/9/2023 15:18,8.11,8122.64
U0100,TX00697,Sell,ETF,AMZN,61.73,833.76,10/12/2023 15:18,51.47,51519.47
U0005,TX00698,Sell,ETF,AAPL,96.05,238.33,6/23/2024 15:18,22.89,22914.49
U0057,TX00699,Buy,ETF,BTC,52.5,206.12,1/20/2024 15:18,10.82,10832.12
U0002,TX00700,Sell,Stock,AMZN,33.49,882.54,2/1/2024 15:18,29.56,29585.82
U0042,TX00701,Buy,Crypto,BTC,14.62,943.73,9/5/2023 15:18,13.8,13811.13
U0079,TX00702,Buy,Stock,AMZN,89.08,22.5,3/21/2024 15:18,2,2006.3
U0076,TX00703,Sell,ETF,AMZN,49.62,98,4/4/2024 15:18,4.86,4867.62
U0002,TX00704,Sell,ETF,SPY,14.7,409.08,5/7/2024 15:18,6.01,6019.49
U0069,TX00705,Sell,Stock,SPY,13.7,418.84,8/8/2024 15:18,5.74,5743.85
U0020,TX00706,Sell,Crypto,AMZN,3.85,40.37,3/3/2024 15:18,0.16,155.58
U0094,TX00707,Buy,ETF,SPY,41.45,961.7,11/4/2023 15:18,39.86,39902.33
U0044,TX00708,Buy,ETF,BTC,67.17,778.12,6/24/2024 15:18,52.27,52318.59
U0090,TX00709,Sell,Crypto,TSLA,98.47,200.07,1/2/2024 15:18,19.7,19720.59
U0002,TX00710,Buy,Stock,AMZN,19.64,948.59,2/28/2024 15:18,18.63,18648.94
U0083,TX00711,Sell,Stock,AAPL,8.49,497.84,1/15/2024 15:18,4.23,4230.89
U0098,TX00712,Buy,Stock,SPY,72.71,180.13,2/18/2024 15:18,13.1,13110.35
U0053,TX00713,Buy,ETF,BTC,89.69,506.67,7/6/2024 15:18,45.44,45488.67
U0036,TX00714,Sell,Stock,TSLA,40.06,482.07,10/15/2023 15:18,19.31,19331.03
U0013,TX00715,Buy,Crypto,AAPL,54.96,187.21,4/7/2024 15:18,10.29,10299.35
U0061,TX00716,Sell,ETF,AAPL,7,297.51,11/5/2023 15:18,2.08,2084.65
U0086,TX00717,Buy,ETF,BTC,53.55,225.69,8/20/2023 15:18,12.09,12097.79
U0082,TX00718,Buy,Stock,ETH,58.16,860.4,5/14/2024 15:18,50.04,50090.9
U0020,TX00719,Sell,Crypto,ETH,96.53,902.67,10/5/2023 15:18,87.13,87221.87
U0032,TX00720,Buy,Stock,BTC,33.51,258.89,8/23/2023 15:18,8.68,8684.08
U0053,TX00721,Buy,Stock,BTC,73.32,304.09,5/21/2024 15:18,22.3,22318.18
U0026,TX00722,Sell,Crypto,AMZN,41.37,911.94,3/15/2024 15:18,37.73,37764.69
U0031,TX00723,Sell,ETF,BTC,92.06,282.64,7/3/2024 15:18,26.02,26045.86
U0083,TX00724,Buy,Stock,BTC,10.44,560.92,6/15/2024 15:18,5.86,5861.86
U0033,TX00725,Buy,Crypto,SPY,83.07,280.88,6/2/2024 15:18,23.33,23356.03
U0072,TX00726,Sell,Stock,TSLA,20.31,456.73,7/11/2024 15:18,9.28,9285.47
U0020,TX00727,Sell,Stock,AMZN,14.56,941.83,11/16/2023 15:18,13.71,13726.75
U0089,TX00728,Buy,Crypto,SPY,51.29,549.69,11/22/2023 15:18,28.19,28221.79
U0079,TX00729,Sell,Crypto,AAPL,55.14,583.14,5/9/2024 15:18,32.15,32186.49
U0017,TX00730,Buy,ETF,BTC,80.53,649.45,2/9/2024 15:18,52.3,52352.51
U0083,TX00731,Sell,ETF,ETH,98.94,470.09,10/16/2023 15:18,46.51,46557.21
U0074,TX00732,Buy,Crypto,BTC,7.71,483.85,10/20/2023 15:18,3.73,3734.21
U0058,TX00733,Buy,ETF,SPY,80.97,711.92,11/28/2023 15:18,57.64,57701.8
U0072,TX00734,Buy,Stock,TSLA,76.22,783.17,2/29/2024 15:18,59.69,59752.91
U0033,TX00735,Sell,Crypto,SPY,27.37,504.68,7/23/2024 15:18,13.81,13826.9
U0041,TX00736,Sell,Crypto,AAPL,67.22,996.24,1/23/2024 15:18,66.97,67034.22
U0025,TX00737,Buy,ETF,BTC,59.68,171.98,1/14/2024 15:18,10.26,10274.03
U0092,TX00738,Sell,Stock,AAPL,40.09,154.29,4/24/2024 15:18,6.19,6191.68
U0024,TX00739,Sell,Stock,AAPL,15.69,190.15,9/29/2023 15:18,2.98,2986.43
U0040,TX00740,Buy,ETF,SPY,56.84,404.52,4/9/2024 15:18,22.99,23015.91
U0029,TX00741,Buy,Crypto,TSLA,31.02,683.12,4/10/2024 15:18,21.19,21211.57
U0004,TX00742,Sell,Stock,AMZN,50.8,190.72,8/22/2023 15:18,9.69,9698.27
U0029,TX00743,Sell,Stock,ETH,43.83,558.17,7/19/2024 15:18,24.46,24489.05
U0085,TX00744,Buy,ETF,SPY,84.98,749.34,10/11/2023 15:18,63.68,63742.59
U0005,TX00745,Buy,Stock,BTC,20.47,117.2,2/8/2024 15:18,2.4,2401.48
U0061,TX00746,Buy,Crypto,SPY,7.66,65.26,10/15/2023 15:18,0.5,500.39
U0002,TX00747,Buy,Stock,ETH,73.99,868.32,11/4/2023 15:18,64.25,64311.25
U0029,TX00748,Sell,Stock,ETH,27.2,165.17,5/3/2024 15:18,4.49,4497.11
U0057,TX00749,Buy,Stock,TSLA,19.71,358.65,1/23/2024 15:18,7.07,7076.06
U0092,TX00750,Buy,Crypto,AMZN,60.98,307.44,9/23/2023 15:18,18.75,18766.44
U0056,TX00751,Sell,Stock,AMZN,19.62,357.3,2/26/2024 15:18,7.01,7017.24
U0058,TX00752,Buy,Crypto,AAPL,97.39,369.88,7/17/2024 15:18,36.02,36058.63
U0026,TX00753,Sell,Stock,BTC,26.83,307.87,12/6/2023 15:18,8.26,8268.41
U0055,TX00754,Sell,Stock,SPY,93.55,116.12,6/11/2024 15:18,10.86,10873.89
U0092,TX00755,Sell,ETF,BTC,40.13,660.72,7/16/2024 15:18,26.51,26541.2
U0059,TX00756,Sell,Stock,AAPL,97.31,507.38,8/4/2024 15:18,49.37,49422.52
U0072,TX00757,Sell,Stock,ETH,80.71,65.84,1/25/2024 15:18,5.31,5319.26
U0040,TX00758,Sell,Crypto,TSLA,98.56,759.09,5/26/2024 15:18,74.82,74890.73
U0004,TX00759,Buy,ETF,BTC,96.67,93.5,2/5/2024 15:18,9.04,9047.69
U0054,TX00760,Buy,Crypto,BTC,47.84,18.59,8/8/2024 15:18,0.89,890.24
U0081,TX00761,Buy,ETF,TSLA,80.97,510.66,8/22/2023 15:18,41.35,41389.49
U0016,TX00762,Sell,ETF,AAPL,91.76,35.08,6/6/2024 15:18,3.22,3222.16
U0099,TX00763,Buy,Stock,SPY,84.32,803.1,8/25/2023 15:18,67.72,67785.11
U0035,TX00764,Buy,Stock,AMZN,6.05,614.15,4/11/2024 15:18,3.72,3719.33
U0046,TX00765,Sell,ETF,SPY,80.73,310.82,4/14/2024 15:18,25.09,25117.59
U0080,TX00766,Sell,Crypto,BTC,6.93,238.66,7/12/2024 15:18,1.65,1655.56
U0013,TX00767,Buy,ETF,SPY,89.56,789.17,2/29/2024 15:18,70.68,70748.75
U0063,TX00768,Sell,Crypto,AAPL,63.13,575.86,12/3/2023 15:18,36.35,36390.39
U0046,TX00769,Buy,Crypto,ETH,9.87,479.03,8/12/2024 15:18,4.73,4732.76
U0042,TX00770,Buy,Stock,TSLA,57.62,30.05,1/26/2024 15:18,1.73,1733.21
U0097,TX00771,Sell,ETF,BTC,90.16,122.02,4/6/2024 15:18,11,11012.32
U0013,TX00772,Buy,Stock,TSLA,64.96,480.41,4/30/2024 15:18,31.21,31238.64
U0030,TX00773,Buy,Stock,AAPL,79.1,181.38,5/8/2024 15:18,14.35,14361.51
U0039,TX00774,Buy,Stock,AMZN,27.1,176.39,3/7/2024 15:18,4.78,4784.95
U0014,TX00775,Buy,Crypto,SPY,50.36,680.04,5/9/2024 15:18,34.25,34281.06
U0027,TX00776,Buy,Crypto,AAPL,96.2,810.24,3/23/2024 15:18,77.95,78023.04
U0039,TX00777,Sell,Crypto,SPY,88.41,589.45,9/20/2023 15:18,52.11,52165.38
U0034,TX00778,Buy,ETF,SPY,50.25,871.21,4/16/2024 15:18,43.78,43822.08
U0087,TX00779,Sell,ETF,AAPL,82.22,895.7,6/19/2024 15:18,73.64,73718.09
U0077,TX00780,Sell,Stock,BTC,95.33,501.11,3/3/2024 15:18,47.77,47818.59
U0012,TX00781,Buy,ETF,TSLA,18.78,463.53,4/5/2024 15:18,8.71,8713.8
U0032,TX00782,Buy,Crypto,BTC,7.18,116.84,1/15/2024 15:18,0.84,839.75
U0045,TX00783,Sell,Stock,TSLA,88.14,577.61,5/16/2024 15:18,50.91,50961.46
U0017,TX00784,Sell,Stock,AAPL,78.82,89.8,9/19/2023 15:18,7.08,7085.12
U0005,TX00785,Sell,Crypto,SPY,50.1,188.65,5/31/2024 15:18,9.45,9460.82
U0018,TX00786,Sell,Stock,AMZN,10.97,87.22,9/1/2023 15:18,0.96,957.76
U0059,TX00787,Buy,Stock,ETH,76.59,981.75,10/4/2023 15:18,75.19,75267.42
U0005,TX00788,Sell,Stock,SPY,31.97,37.93,5/30/2024 15:18,1.21,1213.83
U0083,TX00789,Sell,Stock,AMZN,22.7,878.74,5/21/2024 15:18,19.95,19967.35
U0077,TX00790,Buy,Crypto,BTC,40.38,285.88,1/2/2024 15:18,11.54,11555.37
U0058,TX00791,Buy,ETF,TSLA,61.07,386.05,9/5/2023 15:18,23.58,23599.65
U0070,TX00792,Sell,Stock,ETH,32.48,949.55,12/4/2023 15:18,30.84,30872.22
U0008,TX00793,Sell,ETF,TSLA,93.02,996.78,3/5/2024 15:18,92.72,92813.2
U0053,TX00794,Buy,Stock,AMZN,97.33,869.99,3/20/2024 15:18,84.68,84760.81
U0039,TX00795,Sell,Stock,AAPL,58.01,363.53,9/2/2023 15:18,21.09,21109.47
U0058,TX00796,Sell,ETF,AAPL,36.31,897.94,7/20/2024 15:18,32.6,32636.8
U0029,TX00797,Sell,Crypto,AMZN,77.72,394.37,9/19/2023 15:18,30.65,30681.09
U0044,TX00798,Buy,ETF,AAPL,75.99,680.65,5/27/2024 15:18,51.72,51774.31
U0032,TX00799,Buy,Crypto,ETH,87.35,727.21,4/4/2024 15:18,63.52,63585.31
U0083,TX00800,Buy,Stock,TSLA,75.97,384.4,11/19/2023 15:18,29.2,29232.07
U0013,TX00801,Buy,Stock,AMZN,37.6,127.75,3/7/2024 15:18,4.8,4808.2
U0014,TX00802,Sell,Stock,SPY,43.72,660.41,12/13/2023 15:18,28.87,28902
U0089,TX00803,Buy,Stock,AAPL,91.26,807.52,5/1/2024 15:18,73.69,73767.97
U0040,TX00804,Sell,Crypto,ETH,99.83,332,6/9/2024 15:18,33.14,33176.7
U0096,TX00805,Buy,ETF,SPY,59.21,386.58,4/9/2024 15:18,22.89,22912.29
U0089,TX00806,Buy,ETF,AMZN,42.11,660.92,12/17/2023 15:18,27.83,27859.17
U0037,TX00807,Buy,ETF,TSLA,2.5,800.33,10/29/2023 15:18,2,2002.83
U0087,TX00808,Buy,Stock,BTC,82.21,856.91,4/5/2024 15:18,70.45,70517.02
U0058,TX00809,Sell,Stock,SPY,44.24,227.95,2/21/2024 15:18,10.08,10094.59
U0003,TX00810,Sell,Stock,TSLA,73.18,328.04,2/23/2024 15:18,24.01,24029.98
U0047,TX00811,Sell,Stock,ETH,90.67,479.73,2/4/2024 15:18,43.5,43540.62
U0055,TX00812,Buy,Crypto,TSLA,15.54,433.82,7/6/2024 15:18,6.74,6748.3
U0082,TX00813,Buy,ETF,ETH,97.11,569.45,7/15/2024 15:18,55.3,55354.59
U0093,TX00814,Buy,Stock,ETH,3.07,779.81,3/1/2024 15:18,2.39,2396.41
U0044,TX00815,Buy,ETF,AAPL,59.08,998.73,7/30/2024 15:18,59,59063.97
U0060,TX00816,Buy,ETF,AMZN,30.26,513.36,9/25/2023 15:18,15.53,15549.8
U0092,TX00817,Sell,Crypto,AMZN,2.83,344.62,8/11/2024 15:18,0.98,976.25
U0094,TX00818,Sell,Crypto,AMZN,75.77,875.02,6/29/2024 15:18,66.3,66366.57
U0070,TX00819,Sell,Crypto,AAPL,91.76,241.91,4/6/2024 15:18,22.2,22219.86
U0013,TX00820,Sell,Stock,AMZN,13.97,524.02,6/16/2024 15:18,7.32,7327.88
U0005,TX00821,Sell,Crypto,ETH,76.51,108.07,10/7/2023 15:18,8.27,8276.71
U0041,TX00822,Sell,Crypto,BTC,14.66,175.15,2/25/2024 15:18,2.57,2570.27
U0060,TX00823,Buy,Crypto,BTC,19.24,175.67,3/8/2024 15:18,3.38,3383.27
U0010,TX00824,Buy,Crypto,ETH,9.54,614.43,8/16/2024 15:18,5.86,5867.52
U0079,TX00825,Sell,Crypto,ETH,6.6,209.94,7/18/2024 15:18,1.39,1386.99
U0044,TX00826,Sell,ETF,ETH,25.75,466.46,1/1/2024 15:18,12.01,12023.35
U0083,TX00827,Buy,ETF,BTC,79.68,349.79,9/13/2023 15:18,27.87,27899.14
U0062,TX00828,Sell,Crypto,TSLA,31.49,477.13,7/22/2024 15:18,15.02,15039.84
U0063,TX00829,Sell,Stock,AMZN,98.13,696.86,8/17/2024 15:18,68.38,68451.25
U0019,TX00830,Sell,ETF,ETH,73.59,85.74,6/28/2024 15:18,6.31,6315.92
U0084,TX00831,Sell,Stock,ETH,64.86,720.7,1/24/2024 15:18,46.74,46791.34
U0052,TX00832,Sell,ETF,AMZN,66.17,645.51,1/22/2024 15:18,42.71,42756.11
U0076,TX00833,Sell,Stock,ETH,73.69,820.06,6/13/2024 15:18,60.43,60490.65
U0076,TX00834,Buy,ETF,BTC,29.38,844.37,3/29/2024 15:18,24.81,24832.4
U0074,TX00835,Sell,ETF,AMZN,22.94,98.7,4/6/2024 15:18,2.26,2266.44
U0048,TX00836,Sell,Stock,AMZN,24.01,135.08,3/19/2024 15:18,3.24,3246.51
U0043,TX00837,Buy,ETF,SPY,61.41,843.91,1/27/2024 15:18,51.82,51876.33
U0086,TX00838,Buy,Stock,AAPL,99.64,971.4,10/13/2023 15:18,96.79,96887.09
U0078,TX00839,Buy,Stock,ETH,49.86,610.95,5/4/2024 15:18,30.46,30492.43
U0015,TX00840,Buy,ETF,SPY,40.32,690.31,11/5/2023 15:18,27.83,27861.13
U0055,TX00841,Buy,ETF,AAPL,16.55,210.4,1/28/2024 15:18,3.48,3485.6
U0074,TX00842,Sell,ETF,AMZN,76.83,771.65,6/27/2024 15:18,59.29,59345.16
U0031,TX00843,Buy,ETF,TSLA,37.4,708.27,11/5/2023 15:18,26.49,26515.79
U0087,TX00844,Buy,Stock,ETH,5.36,773.57,3/16/2024 15:18,4.15,4150.49
U0073,TX00845,Sell,ETF,BTC,15.81,508.81,5/11/2024 15:18,8.04,8052.33
U0049,TX00846,Sell,Stock,SPY,49.65,872.75,4/8/2024 15:18,43.33,43375.37
U0003,TX00847,Buy,ETF,TSLA,35.47,816.61,3/7/2024 15:18,28.97,28994.13
U0080,TX00848,Buy,Stock,AMZN,85.6,728.12,3/4/2024 15:18,62.33,62389.4
U0059,TX00849,Buy,Crypto,AAPL,22.92,407.65,5/3/2024 15:18,9.34,9352.68
U0081,TX00850,Sell,Crypto,SPY,43.05,262.86,7/4/2024 15:18,11.32,11327.44
U0024,TX00851,Buy,Stock,SPY,77.91,318.46,5/22/2024 15:18,24.81,24836.03
U0015,TX00852,Buy,Crypto,AAPL,97.56,45.7,1/20/2024 15:18,4.46,4462.95
U0095,TX00853,Buy,Stock,BTC,71.88,364.32,10/5/2023 15:18,26.19,26213.51
U0066,TX00854,Sell,Stock,BTC,71.06,652.28,10/26/2023 15:18,46.35,46397.37
U0097,TX00855,Buy,Crypto,SPY,15.98,700.74,4/26/2024 15:18,11.2,11209.03
U0033,TX00856,Sell,Crypto,AAPL,4.82,38.75,7/9/2024 15:18,0.19,186.97
U0081,TX00857,Sell,Crypto,AAPL,56.81,820.79,5/2/2024 15:18,46.63,46675.71
U0079,TX00858,Sell,ETF,BTC,60.58,994.44,4/26/2024 15:18,60.24,60303.42
U0081,TX00859,Buy,ETF,AMZN,64.11,908.6,5/17/2024 15:18,58.25,58308.6
U0022,TX00860,Buy,ETF,BTC,26.79,103.58,1/30/2024 15:18,2.77,2777.68
U0075,TX00861,Buy,Stock,BTC,95.98,823.36,1/27/2024 15:18,79.03,79105.12
U0073,TX00862,Sell,ETF,SPY,81.44,915.1,7/1/2024 15:18,74.53,74600.27
U0007,TX00863,Buy,Crypto,TSLA,68.32,796.93,4/20/2024 15:18,54.45,54500.71
U0056,TX00864,Sell,ETF,AAPL,41.43,857.73,9/5/2023 15:18,35.54,35571.29
U0060,TX00865,Sell,Stock,TSLA,43.89,114.03,3/17/2024 15:18,5,5009.78
U0051,TX00866,Buy,Crypto,AAPL,48.62,42.47,3/3/2024 15:18,2.06,2066.95
U0003,TX00867,Buy,Stock,AAPL,9.42,299.82,11/18/2023 15:18,2.82,2827.12
U0001,TX00868,Sell,Crypto,AMZN,76.2,920.06,10/10/2023 15:18,70.11,70178.68
U0009,TX00869,Buy,Stock,AAPL,57.37,83.46,9/21/2023 15:18,4.79,4792.89
U0058,TX00870,Sell,ETF,SPY,8.26,771.41,6/9/2024 15:18,6.37,6378.22
U0097,TX00871,Sell,ETF,AAPL,81.72,61.04,3/23/2024 15:18,4.99,4993.18
U0058,TX00872,Buy,Crypto,ETH,96.98,356.67,2/22/2024 15:18,34.59,34624.45
U0046,TX00873,Buy,ETF,SPY,8.42,463.9,10/23/2023 15:18,3.91,3909.95
U0072,TX00874,Sell,ETF,SPY,54.1,46.21,2/5/2024 15:18,2.5,2502.46
U0078,TX00875,Buy,Stock,AMZN,38.77,309.6,12/30/2023 15:18,12,12015.19
U0042,TX00876,Buy,Stock,ETH,76.93,183.68,5/25/2024 15:18,14.13,14144.63
U0026,TX00877,Buy,Stock,AAPL,94.27,351.17,5/24/2024 15:18,33.1,33137.9
U0079,TX00878,Buy,ETF,AMZN,34.55,781.37,3/16/2024 15:18,27,27023.33
U0079,TX00879,Sell,ETF,AAPL,26.8,377.97,8/29/2023 15:18,10.13,10139.73
U0077,TX00880,Buy,Stock,ETH,22.18,598.4,3/15/2024 15:18,13.27,13285.78
U0063,TX00881,Buy,ETF,AAPL,98.4,228.92,5/6/2024 15:18,22.53,22548.26
U0009,TX00882,Sell,Crypto,BTC,32.14,446.39,7/7/2024 15:18,14.35,14361.32
U0001,TX00883,Buy,Crypto,BTC,16.62,955.51,4/7/2024 15:18,15.88,15896.46
U0006,TX00884,Buy,Crypto,TSLA,30.57,487.51,5/22/2024 15:18,14.9,14918.08
U0095,TX00885,Sell,ETF,AMZN,94.38,766.7,6/21/2024 15:18,72.36,72433.51
U0005,TX00886,Buy,ETF,TSLA,52.74,531.39,9/16/2023 15:18,28.03,28053.54
U0042,TX00887,Sell,Crypto,AMZN,71.01,485.83,3/20/2024 15:18,34.5,34533.29
U0019,TX00888,Sell,Crypto,BTC,60.01,277.68,3/16/2024 15:18,16.66,16680.24
U0072,TX00889,Sell,Stock,ETH,13.21,511.71,6/16/2024 15:18,6.76,6766.45
U0039,TX00890,Buy,Crypto,ETH,84.57,666.85,7/28/2024 15:18,56.4,56451.9
U0036,TX00891,Buy,Stock,SPY,15.63,218.52,1/11/2024 15:18,3.42,3418.89
U0021,TX00892,Sell,Stock,BTC,75.53,212.89,9/14/2023 15:18,16.08,16095.66
U0039,TX00893,Buy,Crypto,SPY,15.87,522.76,6/4/2024 15:18,8.3,8304.5
U0099,TX00894,Sell,ETF,ETH,21.97,412.35,6/28/2024 15:18,9.06,9068.39
U0072,TX00895,Buy,Crypto,BTC,21.75,468.15,2/25/2024 15:18,10.18,10192.44
U0009,TX00896,Sell,ETF,AMZN,76.58,446.86,10/2/2023 15:18,34.22,34254.76
U0046,TX00897,Buy,ETF,TSLA,9.78,960.89,11/25/2023 15:18,9.4,9406.9
U0003,TX00898,Buy,Crypto,ETH,21,260.9,4/1/2024 15:18,5.48,5484.38
U0028,TX00899,Buy,Crypto,AMZN,93.32,763.38,2/27/2024 15:18,71.24,71309.86
U0062,TX00900,Sell,ETF,TSLA,85.93,683.08,11/13/2023 15:18,58.7,58755.76
U0092,TX00901,Sell,ETF,SPY,84.11,43.29,12/30/2023 15:18,3.64,3644.76
U0073,TX00902,Buy,Stock,AAPL,28.58,80.72,3/11/2024 15:18,2.31,2309.29
U0039,TX00903,Sell,Crypto,BTC,62.57,722.64,3/16/2024 15:18,45.22,45260.8
U0025,TX00904,Sell,Crypto,AAPL,76.71,236.3,5/8/2024 15:18,18.13,18144.7
U0058,TX00905,Buy,ETF,SPY,29.65,943.96,1/20/2024 15:18,27.99,28016.4
U0068,TX00906,Sell,ETF,SPY,60.42,207.89,2/7/2024 15:18,12.56,12573.27
U0042,TX00907,Buy,Stock,ETH,1.85,829.76,12/8/2023 15:18,1.54,1536.6
U0055,TX00908,Sell,ETF,SPY,38.21,772.99,11/15/2023 15:18,29.54,29565.49
U0043,TX00909,Buy,ETF,TSLA,91.27,659.13,8/13/2024 15:18,60.16,60218.96
U0009,TX00910,Sell,Crypto,ETH,45.52,809.45,7/26/2024 15:18,36.85,36883.01
U0038,TX00911,Buy,Stock,SPY,62.45,854.04,1/5/2024 15:18,53.33,53388.13
U0067,TX00912,Buy,ETF,TSLA,55.07,203.71,1/8/2024 15:18,11.22,11229.53
U0086,TX00913,Buy,Crypto,BTC,39.71,886.11,9/15/2023 15:18,35.19,35222.62
U0038,TX00914,Sell,Stock,BTC,61.48,527.4,8/25/2023 15:18,32.42,32456.97
U0073,TX00915,Buy,Stock,ETH,70.58,170.71,12/9/2023 15:18,12.05,12060.76
U0033,TX00916,Buy,ETF,AMZN,84.35,375.42,7/27/2024 15:18,31.67,31698.35
U0094,TX00917,Sell,Stock,TSLA,98.03,405.16,6/14/2024 15:18,39.72,39757.55
U0040,TX00918,Buy,Crypto,BTC,17.65,594.44,7/28/2024 15:18,10.49,10502.36
U0087,TX00919,Sell,Crypto,SPY,63.59,721.04,8/11/2024 15:18,45.85,45896.78
U0078,TX00920,Buy,Crypto,AMZN,96.41,184.2,6/15/2024 15:18,17.76,17776.48
U0082,TX00921,Sell,Stock,SPY,26.31,871.85,12/2/2023 15:18,22.94,22961.31
U0092,TX00922,Buy,Stock,SPY,75.18,508.78,11/27/2023 15:18,38.25,38288.33
U0080,TX00923,Sell,Crypto,BTC,40.9,112.41,3/27/2024 15:18,4.6,4602.17
U0044,TX00924,Buy,Crypto,AAPL,5.03,72.25,9/9/2023 15:18,0.36,363.78
U0011,TX00925,Sell,ETF,AAPL,64.72,379.48,7/21/2024 15:18,24.56,24584.51
U0017,TX00926,Sell,Crypto,BTC,20.43,117.59,12/1/2023 15:18,2.4,2404.76
U0068,TX00927,Buy,ETF,AAPL,24.05,461.86,1/3/2024 15:18,11.11,11118.84
U0056,TX00928,Buy,Crypto,AAPL,98.05,798.85,1/7/2024 15:18,78.33,78405.57
U0058,TX00929,Sell,Stock,BTC,32.77,354.53,4/13/2024 15:18,11.62,11629.57
U0094,TX00930,Sell,Crypto,AAPL,44.41,685.38,10/24/2023 15:18,30.44,30468.17
U0069,TX00931,Buy,Stock,ETH,97.37,916.82,9/22/2023 15:18,89.27,89360.03
U0048,TX00932,Buy,Stock,BTC,38.71,134.27,7/15/2024 15:18,5.2,5202.79
U0061,TX00933,Sell,Crypto,SPY,92.08,680.45,12/31/2023 15:18,62.66,62718.5
U0034,TX00934,Sell,ETF,TSLA,95.07,570.3,8/17/2024 15:18,54.22,54272.64
U0016,TX00935,Buy,ETF,AAPL,67.64,505.47,5/15/2024 15:18,34.19,34224.18
U0015,TX00936,Buy,Crypto,ETH,63.15,305.22,7/2/2024 15:18,19.27,19293.91
U0082,TX00937,Sell,Crypto,TSLA,20.64,439.98,11/7/2023 15:18,9.08,9090.27
U0100,TX00938,Buy,ETF,AAPL,65.13,206.88,11/12/2023 15:18,13.47,13487.56
U0075,TX00939,Buy,Crypto,AAPL,83.23,277.93,8/15/2024 15:18,23.13,23155.24
U0012,TX00940,Sell,Crypto,TSLA,35.26,993.5,1/12/2024 15:18,35.03,35065.84
U0014,TX00941,Sell,ETF,AMZN,53.08,296.95,9/4/2023 15:18,15.76,15777.87
U0044,TX00942,Buy,ETF,AMZN,82.75,645.75,2/2/2024 15:18,53.44,53489.25
U0088,TX00943,Sell,ETF,BTC,73.91,317.26,12/4/2023 15:18,23.45,23472.14
U0020,TX00944,Sell,Stock,SPY,96.63,375.87,10/5/2023 15:18,36.32,36356.64
U0058,TX00945,Buy,Crypto,BTC,59.43,622.2,2/12/2024 15:18,36.98,37014.33
U0007,TX00946,Sell,Stock,SPY,10.43,967.27,8/26/2023 15:18,10.09,10098.72
U0018,TX00947,Buy,Stock,AAPL,93.04,400.9,2/15/2024 15:18,37.3,37337.04
U0005,TX00948,Buy,Crypto,AAPL,36.17,588.96,6/5/2024 15:18,21.3,21323.98
U0087,TX00949,Buy,Crypto,AMZN,60.57,791.7,5/6/2024 15:18,47.95,48001.22
U0095,TX00950,Sell,Crypto,AAPL,84.81,306.12,8/12/2024 15:18,25.96,25988
U0006,TX00951,Sell,ETF,SPY,68.4,934.49,9/26/2023 15:18,63.92,63983.04
U0048,TX00952,Sell,ETF,AMZN,3.02,833.29,8/4/2024 15:18,2.52,2519.06
U0067,TX00953,Sell,Crypto,BTC,72.71,564.37,8/25/2023 15:18,41.04,41076.38
U0047,TX00954,Sell,ETF,AMZN,90.85,657.54,11/11/2023 15:18,59.74,59797.25
U0005,TX00955,Buy,Crypto,AMZN,25.27,791.81,1/11/2024 15:18,20.01,20029.05
U0015,TX00956,Sell,ETF,ETH,13.46,481.25,2/12/2024 15:18,6.48,6484.1
U0079,TX00957,Buy,Stock,SPY,84.35,766.8,1/25/2024 15:18,64.68,64744.26
U0076,TX00958,Sell,Stock,AAPL,10.92,72.49,6/4/2024 15:18,0.79,792.38
U0091,TX00959,Buy,ETF,BTC,16.25,290.93,6/2/2024 15:18,4.73,4732.34
U0081,TX00960,Buy,Stock,AMZN,51.65,959.62,7/1/2024 15:18,49.56,49613.93
U0095,TX00961,Sell,Stock,ETH,71.18,585.2,6/12/2024 15:18,41.65,41696.19
U0075,TX00962,Buy,Stock,AMZN,2.56,184.54,4/11/2024 15:18,0.47,472.89
U0052,TX00963,Buy,ETF,ETH,16.16,981.16,9/23/2023 15:18,15.86,15871.41
U0079,TX00964,Sell,Stock,SPY,50.08,668.17,6/20/2024 15:18,33.46,33495.41
U0056,TX00965,Sell,Crypto,ETH,34.72,479.39,5/27/2024 15:18,16.64,16661.06
U0044,TX00966,Sell,ETF,AAPL,79.81,572.25,3/18/2024 15:18,45.67,45716.94
U0072,TX00967,Buy,Crypto,BTC,9.52,868.63,10/24/2023 15:18,8.27,8277.63
U0051,TX00968,Buy,ETF,SPY,36.68,848,7/5/2024 15:18,31.1,31135.74
U0080,TX00969,Sell,ETF,BTC,99.07,237.95,8/3/2024 15:18,23.57,23597.28
U0079,TX00970,Buy,ETF,AMZN,37.18,668.27,1/9/2024 15:18,24.85,24871.13
U0054,TX00971,Buy,Crypto,ETH,94.79,44.25,1/22/2024 15:18,4.19,4198.65
U0053,TX00972,Buy,Crypto,SPY,55.07,733.04,7/3/2024 15:18,40.37,40408.88
U0011,TX00973,Buy,Crypto,SPY,56.81,476.77,4/9/2024 15:18,27.09,27112.39
U0001,TX00974,Buy,Crypto,SPY,43.76,749.27,4/23/2024 15:18,32.79,32820.85
U0058,TX00975,Buy,Stock,AAPL,8.87,794.67,9/8/2023 15:18,7.05,7055.77
U0047,TX00976,Sell,Crypto,AAPL,85.04,722.22,5/21/2024 15:18,61.42,61479.01
U0059,TX00977,Buy,ETF,SPY,76.68,143.83,11/17/2023 15:18,11.03,11039.91
U0017,TX00978,Sell,Crypto,TSLA,35.6,745.65,2/29/2024 15:18,26.55,26571.69
U0082,TX00979,Sell,ETF,BTC,95,606.77,2/5/2024 15:18,57.64,57700.79
U0050,TX00980,Sell,Stock,AMZN,31.35,591.93,3/20/2024 15:18,18.56,18575.57
U0045,TX00981,Buy,Stock,BTC,39.59,962.13,2/3/2024 15:18,38.09,38128.82
U0003,TX00982,Buy,Crypto,SPY,70.04,765.78,5/19/2024 15:18,53.64,53688.87
U0089,TX00983,Sell,Stock,SPY,88.21,815.49,9/8/2023 15:18,71.93,72006.3
U0028,TX00984,Buy,ETF,AAPL,99.58,832.23,12/28/2023 15:18,82.87,82956.33
U0041,TX00985,Buy,Crypto,TSLA,15.8,912.91,12/12/2023 15:18,14.42,14438.4
U0020,TX00986,Sell,ETF,AMZN,74.12,952.95,8/14/2024 15:18,70.63,70703.28
U0082,TX00987,Sell,Stock,SPY,41.65,765.35,6/13/2024 15:18,31.88,31908.71
U0058,TX00988,Sell,Crypto,TSLA,65.44,152.32,8/8/2024 15:18,9.97,9977.79
U0096,TX00989,Buy,ETF,BTC,74.61,796.74,5/18/2024 15:18,59.44,59504.21
U0047,TX00990,Sell,Stock,TSLA,67.69,751.18,12/5/2023 15:18,50.85,50898.22
U0065,TX00991,Sell,ETF,TSLA,74.84,41.26,10/7/2023 15:18,3.09,3090.99
U0003,TX00992,Sell,Stock,ETH,84.88,146.01,6/2/2024 15:18,12.39,12405.72
U0061,TX00993,Buy,ETF,TSLA,53.21,278.36,2/28/2024 15:18,14.81,14826.35
U0091,TX00994,Buy,ETF,AMZN,80.52,437.44,5/27/2024 15:18,35.22,35257.89
U0004,TX00995,Buy,ETF,AMZN,42.11,722.51,7/30/2024 15:18,30.42,30455.32
U0014,TX00996,Sell,Stock,ETH,81.13,839.61,9/13/2023 15:18,68.12,68185.68
U0040,TX00997,Buy,Stock,BTC,45.51,44.61,6/2/2024 15:18,2.03,2032.23
U0038,TX00998,Buy,Stock,AMZN,86.99,79.11,12/23/2023 15:18,6.88,6888.66
U0030,TX00999,Sell,Stock,ETH,97.58,668.04,12/7/2023 15:18,65.19,65252.53
U0033,TX01000,Sell,Crypto,SPY,66.86,362.61,9/2/2023 15:18,24.24,24268.34
